web_date,type,desc_title,proposal_id,proposal_link,period,proposal_filename
20.04.2005,A,"Verfassungsgerichtshofgesetz, Änderung",234/A,https://www.parlament.gv.at/PAKT/VHG/XXI/A/A_00234/index.shtml,XXI,XXI_234A
04.12.2002,RV,Besoldungs-Novelle 2003,1292 d.B.,https://www.parlament.gv.at/PAKT/VHG/XXI/I/I_01292/index.shtml,XXI,XXI_1292dB
09.10.2002,VOLKBG,Volksbegehren gegen Abfangjäger,1291 d.B.,https://www.parlament.gv.at/PAKT/VHG/XXI/I/I_01291/index.shtml,XXI,XXI_1291dB
26.09.2002,BRA,Bundesrechnungsabschluss für das Jahr 2001,III-166 d.B.,https://www.parlament.gv.at/PAKT/VHG/XXI/III/III_00166/index.shtml,XXI,XXI_III166dB
26.09.2002,BUA,"Bundesgesetz, mit dem eine Gerichtgebührenbefreiung im Zusammenhang mit der Hochwasserhilfe gewährt wird; Glücksspielgesetz, Wasserrechtsgesetz, Änderung",1286 d.B.,https://www.parlament.gv.at/PAKT/VHG/XXI/I/I_01286/index.shtml,XXI,XXI_1286dB
26.09.2002,RV,"Hochwasseropferentschädigungs- und Wiederaufbau-Gesetz 2002 - HWG 2002; Katastrophenfondsgesetz, Bundesfinanzgesetz u.a., Änderung",1277 d.B.,https://www.parlament.gv.at/PAKT/VHG/XXI/I/I_01277/index.shtml,XXI,XXI_1277dB
26.09.2002,RV,"Rechtsstellung von Einrichtungen der OSZE in Österreich, Änderung",1219 d.B.,https://www.parlament.gv.at/PAKT/VHG/XXI/I/I_01219/index.shtml,XXI,XXI_1219dB
26.09.2002,A,"Jugendausbildungs-Sicherungsgesetz, Arbeitsmarktpolitik-Finanzierungsgesetz u.a., Änderung",754/A,https://www.parlament.gv.at/PAKT/VHG/XXI/A/A_00754/index.shtml,XXI,XXI_754A
26.09.2002,A,"Bundesgesetz, mit dem die XXI. Gesetzgebungsperiode des Nationalrates vorzeitig beendet wird",751/A,https://www.parlament.gv.at/PAKT/VHG/XXI/A/A_00751/index.shtml,XXI,XXI_751A
19.09.2002,RV,"Postgesetz, Änderung",1288 d.B.,https://www.parlament.gv.at/PAKT/VHG/XXI/I/I_01288/index.shtml,XXI,XXI_1288dB
19.09.2002,RV,Kundmachungsreformgesetz 2003,1280 d.B.,https://www.parlament.gv.at/PAKT/VHG/XXI/I/I_01280/index.shtml,XXI,XXI_1280dB
19.09.2002,RV,"Musterschutzgesetz, Änderung (Musterschutzgesetz-Novelle 2002)",1278 d.B.,https://www.parlament.gv.at/PAKT/VHG/XXI/I/I_01278/index.shtml,XXI,XXI_1278dB
19.09.2002,A,Bundesgesetz zur Rehabilitierung der Opfer der NS-Militärjustiz,753/A,https://www.parlament.gv.at/PAKT/VHG/XXI/A/A_00753/index.shtml,XXI,XXI_753A
19.09.2002,A,"Jugendausbildungs-Sicherungsgesetz, Arbeitsmarktpolitik-Finanzierungsgesetz u.a., Änderung; Bundesgesetz über die Gewährung einer Bundeszuwendung an den Verband der Volksdeutschen Landsmannschaften Österreichs (zurückgezogen)",752/A und Zu 752/A,https://www.parlament.gv.at/PAKT/VHG/XXI/A/A_00752/index.shtml,XXI,XXI_752AundZu752A
12.09.2002,RV,"Zivilrechts-Mediations-Gesetz; Ehegesetz, Zivilprozessordnung u.a., Änderung",1284 d.B.,https://www.parlament.gv.at/PAKT/VHG/XXI/I/I_01284/index.shtml,XXI,XXI_1284dB
12.09.2002,RV,"Jugendgerichtsgesetz, Änderung",1283 d.B.,https://www.parlament.gv.at/PAKT/VHG/XXI/I/I_01283/index.shtml,XXI,XXI_1283dB
10.09.2002,VOLKBG,Sozialstaat Österreich,1161 d.B.,https://www.parlament.gv.at/PAKT/VHG/XXI/I/I_01161/index.shtml,XXI,XXI_1161dB
30.08.2002,RV,Gesellschafts- und Insolvenzrechtsänderungsgesetz 2002 - GIRÄG 2002,1282 d.B.,https://www.parlament.gv.at/PAKT/VHG/XXI/I/I_01282/index.shtml,XXI,XXI_1282dB
29.08.2002,RV,"Tabakgesetz, Änderung",1281 d.B.,https://www.parlament.gv.at/PAKT/VHG/XXI/I/I_01281/index.shtml,XXI,XXI_1281dB
20.08.2002,RV,Bundesverfassungsgesetz über Änderungen des Verlaufes der Staatsgrenze zwischen der Republik Österreich und der Republik Ungarn,1279 d.B.,https://www.parlament.gv.at/PAKT/VHG/XXI/I/I_01279/index.shtml,XXI,XXI_1279dB
19.08.2002,RV,"Lebensmittelgesetz, Änderung",1274 d.B.,https://www.parlament.gv.at/PAKT/VHG/XXI/I/I_01274/index.shtml,XXI,XXI_1274dB
19.08.2002,A,Anschaffung von Kampfflugzeugen,749/A,https://www.parlament.gv.at/PAKT/VHG/XXI/A/A_00749/index.shtml,XXI,XXI_749A
19.08.2002,A,Anschaffung von Kampfflugzeugen,748/A,https://www.parlament.gv.at/PAKT/VHG/XXI/A/A_00748/index.shtml,XXI,XXI_748A
30.07.2002,RV,Bundessozialämterreformgesetz,1142 d.B.,https://www.parlament.gv.at/PAKT/VHG/XXI/I/I_01142/index.shtml,XXI,XXI_1142dB
30.07.2002,RV,Verwaltungsverfahrensnovelle 2002,1126 d.B.,https://www.parlament.gv.at/PAKT/VHG/XXI/I/I_01126/index.shtml,XXI,XXI_1126dB
26.07.2002,BUA,"Bundespflegegeldgesetz, Änderung",1266 d.B.,https://www.parlament.gv.at/PAKT/VHG/XXI/I/I_01266/index.shtml,XXI,XXI_1266dB
26.07.2002,BUA,"Bundes-Personalvertretungsgesetz, Änderung",1261 d.B.,https://www.parlament.gv.at/PAKT/VHG/XXI/I/I_01261/index.shtml,XXI,XXI_1261dB
26.07.2002,BUA,"Landarbeitsgesetz, Änderung",1198 d.B.,https://www.parlament.gv.at/PAKT/VHG/XXI/I/I_01198/index.shtml,XXI,XXI_1198dB
26.07.2002,RV,"Notarversicherungsgesetz, Änderung (11. Novelle zum NVG)",1187 d.B.,https://www.parlament.gv.at/PAKT/VHG/XXI/I/I_01187/index.shtml,XXI,XXI_1187dB
26.07.2002,RV,"Beamten-Kranken- und Unfallversicherungsgesetz, Änderung (30. Novelle zum B-KUVG)",1186 d.B.,https://www.parlament.gv.at/PAKT/VHG/XXI/I/I_01186/index.shtml,XXI,XXI_1186dB
26.07.2002,RV,"Bauern-Sozialversicherungsgesetz, Änderung (26. Novelle zum BSVG)",1185 d.B.,https://www.parlament.gv.at/PAKT/VHG/XXI/I/I_01185/index.shtml,XXI,XXI_1185dB
26.07.2002,RV,"Gewerbliches Sozialversicherungsgesetz, Änderung (27. Novelle zum GSVG)",1184 d.B.,https://www.parlament.gv.at/PAKT/VHG/XXI/I/I_01184/index.shtml,XXI,XXI_1184dB
26.07.2002,RV,"Allgemeines Sozialversicherungsgesetz, Änderung (60. Novelle zum ASVG)",1183 d.B.,https://www.parlament.gv.at/PAKT/VHG/XXI/I/I_01183/index.shtml,XXI,XXI_1183dB
26.07.2002,RV,Deregulierungsgesetz - Öffentlicher Dienst 2002,1182 d.B.,https://www.parlament.gv.at/PAKT/VHG/XXI/I/I_01182/index.shtml,XXI,XXI_1182dB
26.07.2002,RV,"Rezeptpflichtgesetz, Änderung",1143 d.B.,https://www.parlament.gv.at/PAKT/VHG/XXI/I/I_01143/index.shtml,XXI,XXI_1143dB
26.07.2002,RV,"Medizinischer Masseur- und Heilmasseurgesetz; Regelung des medizinisch-technischen Fachdienstes und der Sanitätshilfsdienste, Ausbildungsvorbehaltsgesetz u.a., Änderung",1140 d.B.,https://www.parlament.gv.at/PAKT/VHG/XXI/I/I_01140/index.shtml,XXI,XXI_1140dB
25.07.2002,BUA,"Ökostromgesetz; Elektrizitätswirtschafts- und -organisationsgesetz, Energieförderungsgesetz, Änderung",1243 d.B.,https://www.parlament.gv.at/PAKT/VHG/XXI/I/I_01243/index.shtml,XXI,XXI_1243dB
25.07.2002,BUA,"Universitäts-Studiengesetz, Änderung",1225 d.B.,https://www.parlament.gv.at/PAKT/VHG/XXI/I/I_01225/index.shtml,XXI,XXI_1225dB
25.07.2002,BUA,"Erbschafts- und Schenkungssteuergesetz 1955, Änderung",1203 d.B.,https://www.parlament.gv.at/PAKT/VHG/XXI/I/I_01203/index.shtml,XXI,XXI_1203dB
25.07.2002,RV,Austria Wirtschaftsservice - Errichtungsgesetz,1181 d.B.,https://www.parlament.gv.at/PAKT/VHG/XXI/I/I_01181/index.shtml,XXI,XXI_1181dB
25.07.2002,RV,"Arbeitszeitgesetz, Krankenanstalten-Arbeitszeitgesetz u.a., Änderung; EU-Nachtarbeits-Anpassungsgesetz, Aufhebung",1180 d.B.,https://www.parlament.gv.at/PAKT/VHG/XXI/I/I_01180/index.shtml,XXI,XXI_1180dB
25.07.2002,RV,2. Abgabenänderungsgesetz 2002,1175 d.B.,https://www.parlament.gv.at/PAKT/VHG/XXI/I/I_01175/index.shtml,XXI,XXI_1175dB
25.07.2002,RV,"Fremdengesetz, Asylgesetz u.a., Änderung",1172 d.B.,https://www.parlament.gv.at/PAKT/VHG/XXI/I/I_01172/index.shtml,XXI,XXI_1172dB
25.07.2002,RV,"Rechtspraktikantengesetz, Änderung",1169 d.B.,https://www.parlament.gv.at/PAKT/VHG/XXI/I/I_01169/index.shtml,XXI,XXI_1169dB
25.07.2002,RV,Zusammenarbeit mit dem Internationalen Strafgerichtshof,1168 d.B.,https://www.parlament.gv.at/PAKT/VHG/XXI/I/I_01168/index.shtml,XXI,XXI_1168dB
25.07.2002,RV,Zinsenrechts-Änderungsgesetz,1167 d.B.,https://www.parlament.gv.at/PAKT/VHG/XXI/I/I_01167/index.shtml,XXI,XXI_1167dB
25.07.2002,RV,Strafrechtsänderungsgesetz 2002,1166 d.B.,https://www.parlament.gv.at/PAKT/VHG/XXI/I/I_01166/index.shtml,XXI,XXI_1166dB
25.07.2002,RV,Strahlenschutz-EU-Anpassungsgesetz 2002,1160 d.B.,https://www.parlament.gv.at/PAKT/VHG/XXI/I/I_01160/index.shtml,XXI,XXI_1160dB
25.07.2002,RV,Bundesluftreinhaltegesetz,1159 d.B.,https://www.parlament.gv.at/PAKT/VHG/XXI/I/I_01159/index.shtml,XXI,XXI_1159dB
25.07.2002,RV,Veräußerung von beweglichem Bundesvermögen,1158 d.B.,https://www.parlament.gv.at/PAKT/VHG/XXI/I/I_01158/index.shtml,XXI,XXI_1158dB
25.07.2002,RV,Veräußerung von unbeweglichem Bundesvermögen,1137 d.B.,https://www.parlament.gv.at/PAKT/VHG/XXI/I/I_01137/index.shtml,XXI,XXI_1137dB
25.07.2002,RV,"Universitätsgesetz 2002; Organisation der Universitäten, Organisation der Universitäten der Künste, Änderung",1134 d.B.,https://www.parlament.gv.at/PAKT/VHG/XXI/I/I_01134/index.shtml,XXI,XXI_1134dB
25.07.2002,RV,GWG - Novelle 2002,1116 d.B.,https://www.parlament.gv.at/PAKT/VHG/XXI/I/I_01116/index.shtml,XXI,XXI_1116dB
25.07.2002,A,"Bankwesengesetz, Kartellgesetz, Änderung",714/A,https://www.parlament.gv.at/PAKT/VHG/XXI/A/A_00714/index.shtml,XXI,XXI_714A
25.07.2002,A,"Gewerbeordnung, Änderung",713/A,https://www.parlament.gv.at/PAKT/VHG/XXI/A/A_00713/index.shtml,XXI,XXI_713A
25.07.2002,A,"Führerscheingesetz, Änderung",707/A,https://www.parlament.gv.at/PAKT/VHG/XXI/A/A_00707/index.shtml,XXI,XXI_707A
25.07.2002,A,"Versammlungsgesetz, Änderung",680/A,https://www.parlament.gv.at/PAKT/VHG/XXI/A/A_00680/index.shtml,XXI,XXI_680A
25.07.2002,A,"Straßenverkehrsordnung, Änderung",544/A,https://www.parlament.gv.at/PAKT/VHG/XXI/A/A_00544/index.shtml,XXI,XXI_544A
25.07.2002,A,"Verwaltungsgerichtshofgesetz, Änderung",318/A,https://www.parlament.gv.at/PAKT/VHG/XXI/A/A_00318/index.shtml,XXI,XXI_318A
11.07.2002,A,"Ziviltechnikerkammergesetz, Änderung",733/A,https://www.parlament.gv.at/PAKT/VHG/XXI/A/A_00733/index.shtml,XXI,XXI_733A
11.07.2002,A,"Verwaltungsstrafgesetz, Änderung",671/A,https://www.parlament.gv.at/PAKT/VHG/XXI/A/A_00671/index.shtml,XXI,XXI_671A
11.07.2002,A,"Konsumentenschutzgesetz, Änderung",659/A,https://www.parlament.gv.at/PAKT/VHG/XXI/A/A_00659/index.shtml,XXI,XXI_659A
11.07.2002,A,"Hochschul-Taxengesetz, Änderung",444/A,https://www.parlament.gv.at/PAKT/VHG/XXI/A/A_00444/index.shtml,XXI,XXI_444A
11.07.2002,A,"Allgemeines Sozialversicherungsgesetz, Änderung",201/A,https://www.parlament.gv.at/PAKT/VHG/XXI/A/A_00201/index.shtml,XXI,XXI_201A
10.07.2002,RV,"Schulorganisationsgesetz, Änderung",1190 d.B.,https://www.parlament.gv.at/PAKT/VHG/XXI/I/I_01190/index.shtml,XXI,XXI_1190dB
10.07.2002,RV,"Schulunterrichtsgesetz, Änderung",1189 d.B.,https://www.parlament.gv.at/PAKT/VHG/XXI/I/I_01189/index.shtml,XXI,XXI_1189dB
10.07.2002,RV,"Schulpflichtgesetz, Änderung",1188 d.B.,https://www.parlament.gv.at/PAKT/VHG/XXI/I/I_01188/index.shtml,XXI,XXI_1188dB
10.07.2002,VOLKBG,Veto gegen Temelin,1065 d.B.,https://www.parlament.gv.at/PAKT/VHG/XXI/I/I_01065/index.shtml,XXI,XXI_1065dB
10.07.2002,A,"Fortpflanzungsmedizingesetz, Änderung",729/A,https://www.parlament.gv.at/PAKT/VHG/XXI/A/A_00729/index.shtml,XXI,XXI_729A
09.07.2002,A,"Gewerbeordnung, Änderung",723/A,https://www.parlament.gv.at/PAKT/VHG/XXI/A/A_00723/index.shtml,XXI,XXI_723A
09.07.2002,A,"Beamten-Dienstrechtsgesetz, Bundesbahn-Pensionsgesetz u.a., Änderung",709/A,https://www.parlament.gv.at/PAKT/VHG/XXI/A/A_00709/index.shtml,XXI,XXI_709A
09.07.2002,A,"Versammlungsgesetz, Strafgesetzbuch, Änderung",681/A,https://www.parlament.gv.at/PAKT/VHG/XXI/A/A_00681/index.shtml,XXI,XXI_681A
04.07.2002,A,"Bestimmungen des Bundes-Verfassungsgesetzes über die Einsetzung von Untersuchungsausschüssen, Änderung",419/A,https://www.parlament.gv.at/PAKT/VHG/XXI/A/A_00419/index.shtml,XXI,XXI_419A
03.07.2002,BUA,Elektrizitätswirtschafts- und -organisationsgesetz,1148 d.B.,https://www.parlament.gv.at/PAKT/VHG/XXI/I/I_01148/index.shtml,XXI,XXI_1148dB
01.07.2002,A,Reorganisationsbegleitgesetz - REORGBG,658/A,https://www.parlament.gv.at/PAKT/VHG/XXI/A/A_00658/index.shtml,XXI,XXI_658A
30.06.2002,RV,Forstliches Vermehrungsgutgesetz; Agrarrechtsänderungsgesetz 2002,1133 d.B.,https://www.parlament.gv.at/PAKT/VHG/XXI/I/I_01133/index.shtml,XXI,XXI_1133dB
27.06.2002,BUA,"Familienlastenausgleichsgesetz 1967, Änderung",1178 d.B.,https://www.parlament.gv.at/PAKT/VHG/XXI/I/I_01178/index.shtml,XXI,XXI_1178dB
27.06.2002,BUA,"Parlamentsmitarbeitergesetz, Änderung",1177 d.B.,https://www.parlament.gv.at/PAKT/VHG/XXI/I/I_01177/index.shtml,XXI,XXI_1177dB
27.06.2002,BUA,"Postsparkassengesetz 1969, Alkoholsteuergesetz u.a., Änderung; Übergangsbestimmungen im HGB, Ergänzung",1150 d.B.,https://www.parlament.gv.at/PAKT/VHG/XXI/I/I_01150/index.shtml,XXI,XXI_1150dB
27.06.2002,RV,Bundesstraßen-Mautgesetz 2002,1139 d.B.,https://www.parlament.gv.at/PAKT/VHG/XXI/I/I_01139/index.shtml,XXI,XXI_1139dB
27.06.2002,RV,SPG-Novelle 2002,1138 d.B.,https://www.parlament.gv.at/PAKT/VHG/XXI/I/I_01138/index.shtml,XXI,XXI_1138dB
27.06.2002,RV,"Familienlastenausgleichsgesetz, Änderung",1136 d.B.,https://www.parlament.gv.at/PAKT/VHG/XXI/I/I_01136/index.shtml,XXI,XXI_1136dB
27.06.2002,RV,"Betriebliches Mitarbeitervorsorgegesetz; Arbeitsvertragsrechts-Anpassungsgesetz, Angestelltengesetz u.a., Änderung",1131 d.B.,https://www.parlament.gv.at/PAKT/VHG/XXI/I/I_01131/index.shtml,XXI,XXI_1131dB
27.06.2002,RV,"Gewerbeordnung, Berufsausbildungsgesetz u.a., Änderung",1117 d.B.,https://www.parlament.gv.at/PAKT/VHG/XXI/I/I_01117/index.shtml,XXI,XXI_1117dB
26.06.2002,RV,Strafprozessreformgesetz,1165 d.B.,https://www.parlament.gv.at/PAKT/VHG/XXI/I/I_01165/index.shtml,XXI,XXI_1165dB
26.06.2002,A,"Post-Betriebsverfassungsgesetz, Änderung",710/A,https://www.parlament.gv.at/PAKT/VHG/XXI/A/A_00710/index.shtml,XXI,XXI_710A
26.06.2002,A,"Strafprozessordnung, Änderung",655/A,https://www.parlament.gv.at/PAKT/VHG/XXI/A/A_00655/index.shtml,XXI,XXI_655A
25.06.2002,A,Tierschutzgesetz,68/A,https://www.parlament.gv.at/PAKT/VHG/XXI/A/A_00068/index.shtml,XXI,XXI_68A
25.06.2002,A,"Bundes-Verfassungsgesetz, Änderung",67/A,https://www.parlament.gv.at/PAKT/VHG/XXI/A/A_00067/index.shtml,XXI,XXI_67A
25.06.2002,A,Bundes-Tierschutzgesetz,15/A,https://www.parlament.gv.at/PAKT/VHG/XXI/A/A_00015/index.shtml,XXI,XXI_15A
13.06.2002,A,"Nationalrats-Wahlordnung 1992, Bundespräsidentenwahlgesetz 1971 u.a., Änderung",706/A,https://www.parlament.gv.at/PAKT/VHG/XXI/A/A_00706/index.shtml,XXI,XXI_706A
13.06.2002,A,"Bundes-Verfassungsgesetz und Geschäftsordnungsgesetz des Nationalrats, Änderung",647/A,https://www.parlament.gv.at/PAKT/VHG/XXI/A/A_00647/index.shtml,XXI,XXI_647A
13.06.2002,A,"Volkszählungsgesetz, Änderung",637/A,https://www.parlament.gv.at/PAKT/VHG/XXI/A/A_00637/index.shtml,XXI,XXI_637A
13.06.2002,A,Bundesverfassungsgesetz betreffend die Abhaltung einer Volksabstimmung über den Ankauf von Abfangjägern,631/A,https://www.parlament.gv.at/PAKT/VHG/XXI/A/A_00631/index.shtml,XXI,XXI_631A
13.06.2002,A,"Bundes-Verfassungsgesetz, Geschäftsordnungsgesetz 1975, Änderung",630/A,https://www.parlament.gv.at/PAKT/VHG/XXI/A/A_00630/index.shtml,XXI,XXI_630A
12.06.2002,A,"Pflanzenschutzmittelgesetz, Änderung",497/A,https://www.parlament.gv.at/PAKT/VHG/XXI/A/A_00497/index.shtml,XXI,XXI_497A
12.06.2002,A,"Bundes-Verfassungsgesetz, Nationalrats-Wahlordnung u.a., Änderung",98/A,https://www.parlament.gv.at/PAKT/VHG/XXI/A/A_00098/index.shtml,XXI,XXI_98A
06.06.2002,BUA,"Bundesfinanzgesetz 2002, Änderung",1130 d.B.,https://www.parlament.gv.at/PAKT/VHG/XXI/I/I_01130/index.shtml,XXI,XXI_1130dB
06.06.2002,RV,"Bundes-Verfassungsgesetz, Errichtung einer Bundesbeschaffung Gesellschaft mit beschränkter Haftung, Änderung; Bundesvergabegesetz",1087 d.B.,https://www.parlament.gv.at/PAKT/VHG/XXI/I/I_01087/index.shtml,XXI,XXI_1087dB
06.06.2002,RV,"Hebammengesetz, Rezeptpflichtgesetz, Änderung",1069 d.B.,https://www.parlament.gv.at/PAKT/VHG/XXI/I/I_01069/index.shtml,XXI,XXI_1069dB
06.06.2002,RV,"Ärztegesetz, Verordnung betreffend Regelung der Ausbildung zum Zahnarzt, Änderung",1068 d.B.,https://www.parlament.gv.at/PAKT/VHG/XXI/I/I_01068/index.shtml,XXI,XXI_1068dB
06.06.2002,RV,"Krankenanstaltengesetz, Änderung",1067 d.B.,https://www.parlament.gv.at/PAKT/VHG/XXI/I/I_01067/index.shtml,XXI,XXI_1067dB
06.06.2002,RV,"Fleischuntersuchungsgesetz, Tierseuchengesetz, Änderung",1046 d.B.,https://www.parlament.gv.at/PAKT/VHG/XXI/I/I_01046/index.shtml,XXI,XXI_1046dB
06.06.2002,RV,"Arbeitsvertragsrechts-Anpassungsgesetz, Urlaubsgesetz u.a., Änderung - Familienhospizkarenz",1045 d.B.,https://www.parlament.gv.at/PAKT/VHG/XXI/I/I_01045/index.shtml,XXI,XXI_1045dB
06.06.2002,RV,"Tierärztegesetz, ATP-Durchführungsgesetz u.a., Änderung",1036 d.B.,https://www.parlament.gv.at/PAKT/VHG/XXI/I/I_01036/index.shtml,XXI,XXI_1036dB
06.06.2002,RV,"Gentechnikgesetz, Änderung",967 d.B.,https://www.parlament.gv.at/PAKT/VHG/XXI/I/I_00967/index.shtml,XXI,XXI_967dB
06.06.2002,RV,"Öffentliche Schutzimpfungen gegen übertragbare Kinderlähmung, Aufhebung",950 d.B.,https://www.parlament.gv.at/PAKT/VHG/XXI/I/I_00950/index.shtml,XXI,XXI_950dB
06.06.2002,RV,"Bundeshaushaltsgesetz, Änderung",781 d.B.,https://www.parlament.gv.at/PAKT/VHG/XXI/I/I_00781/index.shtml,XXI,XXI_781dB
06.06.2002,A,Abgaben-Rechtsmittel-Reformgesetz,666/A,https://www.parlament.gv.at/PAKT/VHG/XXI/A/A_00666/index.shtml,XXI,XXI_666A
05.06.2002,A,Privatbesitz von Feuerwaffen verboten wird (Änderung des Waffengesetzes),694/A,https://www.parlament.gv.at/PAKT/VHG/XXI/A/A_00694/index.shtml,XXI,XXI_694A
29.05.2002,A,"Konsumentenschutzgesetz, Änderung",240/A,https://www.parlament.gv.at/PAKT/VHG/XXI/A/A_00240/index.shtml,XXI,XXI_240A
29.05.2002,A,"Bauträgervertragsgesetz, Änderung",239/A,https://www.parlament.gv.at/PAKT/VHG/XXI/A/A_00239/index.shtml,XXI,XXI_239A
29.05.2002,A,"Kapitalmarktgesetz, Änderung",238/A,https://www.parlament.gv.at/PAKT/VHG/XXI/A/A_00238/index.shtml,XXI,XXI_238A
29.05.2002,A,"Gewerbeordnung, Änderung",236/A,https://www.parlament.gv.at/PAKT/VHG/XXI/A/A_00236/index.shtml,XXI,XXI_236A
29.05.2002,A,Bundes-Heimvertragsgesetz,139/A,https://www.parlament.gv.at/PAKT/VHG/XXI/A/A_00139/index.shtml,XXI,XXI_139A
23.05.2002,A,"Einkommensteuergesetz, Neugründungs-Förderungsgesetz, Änderung",696/A,https://www.parlament.gv.at/PAKT/VHG/XXI/A/A_00696/index.shtml,XXI,XXI_696A
23.05.2002,A,"Fahrschulgesetz; Führerscheingesetz, Kraftfahrgesetz, Änderung",692/A,https://www.parlament.gv.at/PAKT/VHG/XXI/A/A_00692/index.shtml,XXI,XXI_692A
23.05.2002,A,"Familienlastenausgleichsgesetz, Änderung",682/A,https://www.parlament.gv.at/PAKT/VHG/XXI/A/A_00682/index.shtml,XXI,XXI_682A
22.05.2002,RV,Abgaben-Rechtsmittel-Reformgesetz,1002 d.B.,https://www.parlament.gv.at/PAKT/VHG/XXI/I/I_01002/index.shtml,XXI,XXI_1002dB
22.05.2002,VOLKBG,Bildungsoffensive- und Studiengebühren-Volksbegehren,966 d.B.,https://www.parlament.gv.at/PAKT/VHG/XXI/I/I_00966/index.shtml,XXI,XXI_966dB
22.05.2002,A,Bundesverfassungsgesetz über die Sicherung der Pensionen,687/A,https://www.parlament.gv.at/PAKT/VHG/XXI/A/A_00687/index.shtml,XXI,XXI_687A
22.05.2002,A,"Familienlastenausgleichsgesetz, Änderung (zurückgezogen)",668/A und Zu 668/A,https://www.parlament.gv.at/PAKT/VHG/XXI/A/A_00668/index.shtml,XXI,XXI_668AundZu668A
07.05.2002,A,Wahlrecht auf kommunaler Ebene für MigrantInnen aller Staatsangehörigkeiten,650/A,https://www.parlament.gv.at/PAKT/VHG/XXI/A/A_00650/index.shtml,XXI,XXI_650A
07.05.2002,A,"Bundes-Verfassungsgesetz, Nationalrats-Wahlordnung 1992 u.a., Änderung",457/A,https://www.parlament.gv.at/PAKT/VHG/XXI/A/A_00457/index.shtml,XXI,XXI_457A
07.05.2002,A,"Bundes-Verfassungsgesetz, Geschäftsordnung des Nationalrates, Änderung",141/A,https://www.parlament.gv.at/PAKT/VHG/XXI/A/A_00141/index.shtml,XXI,XXI_141A
07.05.2002,A,"Wählerevidenzgesetz, Bundes-Verfassungsgesetz u.a., Änderung",116/A,https://www.parlament.gv.at/PAKT/VHG/XXI/A/A_00116/index.shtml,XXI,XXI_116A
03.05.2002,RV,Dienstrechts-Novelle 2002,1066 d.B.,https://www.parlament.gv.at/PAKT/VHG/XXI/I/I_01066/index.shtml,XXI,XXI_1066dB
03.05.2002,RV,Veräußerung von unbeweglichem Bundesvermögen,1034 d.B.,https://www.parlament.gv.at/PAKT/VHG/XXI/I/I_01034/index.shtml,XXI,XXI_1034dB
03.05.2002,RV,"Führerscheingesetz, Änderung  (5. FSG-Novelle)",1033 d.B.,https://www.parlament.gv.at/PAKT/VHG/XXI/I/I_01033/index.shtml,XXI,XXI_1033dB
03.05.2002,RV,"Kraftfahrgesetz, 3. und 4. Kraftfahrgesetz-Novelle u.a., Änderung (21. KFG-Novelle)",1032 d.B.,https://www.parlament.gv.at/PAKT/VHG/XXI/I/I_01032/index.shtml,XXI,XXI_1032dB
03.05.2002,RV,Abgabenänderungsgesetz 2002,1031 d.B.,https://www.parlament.gv.at/PAKT/VHG/XXI/I/I_01031/index.shtml,XXI,XXI_1031dB
03.05.2002,RV,GGBG - Novelle 2001,979 d.B.,https://www.parlament.gv.at/PAKT/VHG/XXI/I/I_00979/index.shtml,XXI,XXI_979dB
03.05.2002,RV,"Maß- und Eichgesetz, Akkreditierungsgesetz, Änderung",786 d.B.,https://www.parlament.gv.at/PAKT/VHG/XXI/I/I_00786/index.shtml,XXI,XXI_786dB
03.05.2002,A,"Allgemeines Sozialversicherungsgesetz, Änderung",649/A,https://www.parlament.gv.at/PAKT/VHG/XXI/A/A_00649/index.shtml,XXI,XXI_649A
03.05.2002,A,Marchfeldschlösser-Gesetz,628/A,https://www.parlament.gv.at/PAKT/VHG/XXI/A/A_00628/index.shtml,XXI,XXI_628A
23.04.2002,A,TSE-Gesetz,337/A,https://www.parlament.gv.at/PAKT/VHG/XXI/A/A_00337/index.shtml,XXI,XXI_337A
23.04.2002,A,"Bundeshebammengesetz, Änderung (zurückgezogen)",252/A und Zu 252/A,https://www.parlament.gv.at/PAKT/VHG/XXI/A/A_00252/index.shtml,XXI,XXI_252AundZu252A
18.04.2002,A,"Bundes-Verfassungsgesetz, Änderung",672/A,https://www.parlament.gv.at/PAKT/VHG/XXI/A/A_00672/index.shtml,XXI,XXI_672A
18.04.2002,A,"Einkommensteuergesetz, Änderung",669/A,https://www.parlament.gv.at/PAKT/VHG/XXI/A/A_00669/index.shtml,XXI,XXI_669A
18.04.2002,A,"über Sitzverlegungen von Bezirksgerichten in Oberösterreich, Salzburg und Tirol",664/A,https://www.parlament.gv.at/PAKT/VHG/XXI/A/A_00664/index.shtml,XXI,XXI_664A
18.04.2002,A,"Strafgesetzbuch, Änderung",656/A,https://www.parlament.gv.at/PAKT/VHG/XXI/A/A_00656/index.shtml,XXI,XXI_656A
17.04.2002,A,"Katastrophenfondsgesetz, Änderung",657/A,https://www.parlament.gv.at/PAKT/VHG/XXI/A/A_00657/index.shtml,XXI,XXI_657A
17.04.2002,A,"Kraftfahrgesetz, Änderung",550/A,https://www.parlament.gv.at/PAKT/VHG/XXI/A/A_00550/index.shtml,XXI,XXI_550A
17.04.2002,A,"Bundesimmobiliengesetz, Änderung",540/A,https://www.parlament.gv.at/PAKT/VHG/XXI/A/A_00540/index.shtml,XXI,XXI_540A
17.04.2002,A,"Führerscheingesetz, Kraftfahrgesetz, Änderung",445/A,https://www.parlament.gv.at/PAKT/VHG/XXI/A/A_00445/index.shtml,XXI,XXI_445A
17.04.2002,A,"Konsumentenschutzgesetz, Unlauterer Wettbewerb, Änderung",395/A,https://www.parlament.gv.at/PAKT/VHG/XXI/A/A_00395/index.shtml,XXI,XXI_395A
17.04.2002,A,"Kraftfahrgesetz, Änderung",266/A,https://www.parlament.gv.at/PAKT/VHG/XXI/A/A_00266/index.shtml,XXI,XXI_266A
17.04.2002,A,"Kraftfahrgesetz, Änderung",255/A,https://www.parlament.gv.at/PAKT/VHG/XXI/A/A_00255/index.shtml,XXI,XXI_255A
05.04.2002,BUA,Wohnungseigentumsbegleitgesetz 2002,1051 d.B.,https://www.parlament.gv.at/PAKT/VHG/XXI/I/I_01051/index.shtml,XXI,XXI_1051dB
05.04.2002,BUA,"Fremdengesetz, Bundesfinanzgesetz, Änderung",1040 d.B.,https://www.parlament.gv.at/PAKT/VHG/XXI/I/I_01040/index.shtml,XXI,XXI_1040dB
05.04.2002,RV,"Wettbewerbsgesetz; Kartellgesetz, Strafgesetzbuch u.a., Änderung",1005 d.B.,https://www.parlament.gv.at/PAKT/VHG/XXI/I/I_01005/index.shtml,XXI,XXI_1005dB
05.04.2002,RV,Vereinsgesetz 2002,990 d.B.,https://www.parlament.gv.at/PAKT/VHG/XXI/I/I_00990/index.shtml,XXI,XXI_990dB
05.04.2002,RV,"Wohnungseigentumsgesetz 2002; Allgemeines bürgerliches Gesetzbuch, Mietrechtsgesetz u.a., Änderung",989 d.B.,https://www.parlament.gv.at/PAKT/VHG/XXI/I/I_00989/index.shtml,XXI,XXI_989dB
05.04.2002,RV,Insolvenzrechts-Novelle 2002,988 d.B.,https://www.parlament.gv.at/PAKT/VHG/XXI/I/I_00988/index.shtml,XXI,XXI_988dB
05.04.2002,RV,Konjunkturbelebungsgesetz 2002,977 d.B.,https://www.parlament.gv.at/PAKT/VHG/XXI/I/I_00977/index.shtml,XXI,XXI_977dB
05.04.2002,RV,Zivilverfahrens-Novelle 2002,962 d.B.,https://www.parlament.gv.at/PAKT/VHG/XXI/I/I_00962/index.shtml,XXI,XXI_962dB
05.04.2002,RV,"Kraftfahrliniengesetz, Änderung (Kraftfahrliniengesetz-Novelle 2001)",961 d.B.,https://www.parlament.gv.at/PAKT/VHG/XXI/I/I_00961/index.shtml,XXI,XXI_961dB
05.04.2002,RV,"Eisenbahngesetz, Änderung",960 d.B.,https://www.parlament.gv.at/PAKT/VHG/XXI/I/I_00960/index.shtml,XXI,XXI_960dB
05.04.2002,RV,"Preistransparenzgesetz, Änderung",948 d.B.,https://www.parlament.gv.at/PAKT/VHG/XXI/I/I_00948/index.shtml,XXI,XXI_948dB
05.04.2002,A,Staatsanwaltschaftsgesetz,314/A,https://www.parlament.gv.at/PAKT/VHG/XXI/A/A_00314/index.shtml,XXI,XXI_314A
05.04.2002,A,Bundes-Verfassungsgesetz um Bestimmungen über eine Ergänzung der Infrastrukturkompetenz des Bundes,254/A,https://www.parlament.gv.at/PAKT/VHG/XXI/A/A_00254/index.shtml,XXI,XXI_254A
21.03.2002,RV,"Verlauf der Staatsgrenze zwischen der Republik Österreich und der Tschechischen Republik, Änderung",1044 d.B.,https://www.parlament.gv.at/PAKT/VHG/XXI/I/I_01044/index.shtml,XXI,XXI_1044dB
21.03.2002,RV,Verlauf der Staatsgrenze zwischen der Republik Österreich und der Bundesrepublik Deutschland,1043 d.B.,https://www.parlament.gv.at/PAKT/VHG/XXI/I/I_01043/index.shtml,XXI,XXI_1043dB
21.03.2002,BUA,"Allgemeines Sozialversicherungsgesetz, Opferfürsorgegesetz, Änderung",986 d.B.,https://www.parlament.gv.at/PAKT/VHG/XXI/I/I_00986/index.shtml,XXI,XXI_986dB
21.03.2002,RV,"Kriegsgefangenenentschädigungsgesetz, Änderung",944 d.B.,https://www.parlament.gv.at/PAKT/VHG/XXI/I/I_00944/index.shtml,XXI,XXI_944dB
21.03.2002,RV,"Bundes-Sportförderungsgesetz, Änderung",448 d.B.,https://www.parlament.gv.at/PAKT/VHG/XXI/I/I_00448/index.shtml,XXI,XXI_448dB
21.03.2002,A,Privatkrankenanstalten-Finanzierungsfondsgesetz - PRIKRAF-G,578/A,https://www.parlament.gv.at/PAKT/VHG/XXI/A/A_00578/index.shtml,XXI,XXI_578A
20.03.2002,A,"Einkommensteuergesetz, Änderung",590/A und Zu 590/A,https://www.parlament.gv.at/PAKT/VHG/XXI/A/A_00590/index.shtml,XXI,XXI_590AundZu590A
20.03.2002,A,"Mietrechtsgesetz, Wohnungsgemeinnützigkeitsgesetz u.a., Änderung",557/A,https://www.parlament.gv.at/PAKT/VHG/XXI/A/A_00557/index.shtml,XXI,XXI_557A
20.03.2002,A,"Mietrechtsgesetz, Änderung",190/A,https://www.parlament.gv.at/PAKT/VHG/XXI/A/A_00190/index.shtml,XXI,XXI_190A
15.03.2002,A,"Volksgruppengesetz, Änderung",247/A,https://www.parlament.gv.at/PAKT/VHG/XXI/A/A_00247/index.shtml,XXI,XXI_247A
14.03.2002,BUA,"Altlastensanierungsgesetz, Änderung",1009 d.B.,https://www.parlament.gv.at/PAKT/VHG/XXI/I/I_01009/index.shtml,XXI,XXI_1009dB
14.03.2002,BUA,"Krankenanstaltengesetz, Umweltkontrollgesetz u.a., Änderung",994 d.B.,https://www.parlament.gv.at/PAKT/VHG/XXI/I/I_00994/index.shtml,XXI,XXI_994dB
14.03.2002,BUA,"Agrarverfahrensgesetz, Änderung",992 d.B.,https://www.parlament.gv.at/PAKT/VHG/XXI/I/I_00992/index.shtml,XXI,XXI_992dB
14.03.2002,RV,"Abfallwirtschaftsgesetz; Kraftfahrgesetz, Immissionsschutzgesetz - Luft, Änderung",984 d.B.,https://www.parlament.gv.at/PAKT/VHG/XXI/I/I_00984/index.shtml,XXI,XXI_984dB
14.03.2002,RV,"Fachhochschul-Studiengesetz, Änderung",976 d.B.,https://www.parlament.gv.at/PAKT/VHG/XXI/I/I_00976/index.shtml,XXI,XXI_976dB
14.03.2002,RV,"Forstgesetz, Schaffung eines Gütezeichens für Holz und Holzprodukte aus nachhaltiger Nutzung u.a., Änderung",970 d.B.,https://www.parlament.gv.at/PAKT/VHG/XXI/I/I_00970/index.shtml,XXI,XXI_970dB
14.03.2002,RV,"Nationalbankgesetz, Änderung",968 d.B.,https://www.parlament.gv.at/PAKT/VHG/XXI/I/I_00968/index.shtml,XXI,XXI_968dB
14.03.2002,RV,"Arbeitsvertragsrechts-Anpassungsgesetz, Änderung",951 d.B.,https://www.parlament.gv.at/PAKT/VHG/XXI/I/I_00951/index.shtml,XXI,XXI_951dB
14.03.2002,RV,"Betriebspensionsgesetz, Änderung",949 d.B.,https://www.parlament.gv.at/PAKT/VHG/XXI/I/I_00949/index.shtml,XXI,XXI_949dB
14.03.2002,RV,"Einkommensteuergesetz, Änderung",927 d.B.,https://www.parlament.gv.at/PAKT/VHG/XXI/I/I_00927/index.shtml,XXI,XXI_927dB
14.03.2002,RV,"E-Geldgesetz; Bankwesengesetz, Finanzmarktaufsichtsbehördengesetz, Änderung",924 d.B.,https://www.parlament.gv.at/PAKT/VHG/XXI/I/I_00924/index.shtml,XXI,XXI_924dB
14.03.2002,RV,VAG-Novelle 2001,904 d.B.,https://www.parlament.gv.at/PAKT/VHG/XXI/I/I_00904/index.shtml,XXI,XXI_904dB
14.03.2002,RV,"Umweltförderungsgesetz, Änderung",843 d.B.,https://www.parlament.gv.at/PAKT/VHG/XXI/I/I_00843/index.shtml,XXI,XXI_843dB
14.03.2002,RV,Ernährungssicherheitsgesetz,744 d.B.,https://www.parlament.gv.at/PAKT/VHG/XXI/I/I_00744/index.shtml,XXI,XXI_744dB
14.03.2002,RV,"Entwicklungszusammenarbeitsgesetz; Urlaubsgesetz, Änderung",724 d.B.,https://www.parlament.gv.at/PAKT/VHG/XXI/I/I_00724/index.shtml,XXI,XXI_724dB
14.03.2002,A,Bundesstraßen-Übertragungsgesetz,599/A,https://www.parlament.gv.at/PAKT/VHG/XXI/A/A_00599/index.shtml,XXI,XXI_599A
14.03.2002,A,"Umsatzsteuergesetz, Änderung",598/A,https://www.parlament.gv.at/PAKT/VHG/XXI/A/A_00598/index.shtml,XXI,XXI_598A
14.03.2002,A,"Universitäts-Studiengesetz, Änderung",579/A,https://www.parlament.gv.at/PAKT/VHG/XXI/A/A_00579/index.shtml,XXI,XXI_579A
13.03.2002,A,"Mietrechtsgesetz, Änderung",189/A,https://www.parlament.gv.at/PAKT/VHG/XXI/A/A_00189/index.shtml,XXI,XXI_189A
28.02.2002,RV,"Gehaltsgesetz, Änderung",978 d.B.,https://www.parlament.gv.at/PAKT/VHG/XXI/I/I_00978/index.shtml,XXI,XXI_978dB
27.02.2002,A,"Abfallwirtschaftsgesetz, Änderung",97/A,https://www.parlament.gv.at/PAKT/VHG/XXI/A/A_00097/index.shtml,XXI,XXI_97A
20.02.2002,A,"Opferfürsorgegesetz, Änderung",173/A,https://www.parlament.gv.at/PAKT/VHG/XXI/A/A_00173/index.shtml,XXI,XXI_173A
20.02.2002,A,"Ausländerbeschäftigungsgesetz, Aufhebung",44/A,https://www.parlament.gv.at/PAKT/VHG/XXI/A/A_00044/index.shtml,XXI,XXI_44A
20.02.2002,A,"Arbeiterkammergesetz, Arbeitsverfassungsgesetz u.a., Änderung",16/A,https://www.parlament.gv.at/PAKT/VHG/XXI/A/A_00016/index.shtml,XXI,XXI_16A
31.01.2002,A,"Forstgesetz, Straßenverkehrsordnung, Änderung",335/A,https://www.parlament.gv.at/PAKT/VHG/XXI/A/A_00335/index.shtml,XXI,XXI_335A
31.01.2002,A,"Forstgesetz, Änderung",134/A,https://www.parlament.gv.at/PAKT/VHG/XXI/A/A_00134/index.shtml,XXI,XXI_134A
31.01.2002,A,"Telekommunikationsgesetz, Änderung",55/A,https://www.parlament.gv.at/PAKT/VHG/XXI/A/A_00055/index.shtml,XXI,XXI_55A
30.01.2002,A,"Einkommensteuergesetz, Änderung",386/A,https://www.parlament.gv.at/PAKT/VHG/XXI/A/A_00386/index.shtml,XXI,XXI_386A
30.01.2002,A,"Suchtmittelgesetz, Änderung",268/A,https://www.parlament.gv.at/PAKT/VHG/XXI/A/A_00268/index.shtml,XXI,XXI_268A
20.12.2001,BUA,"Tierarzneimittelkontrollgesetz, Arzneiwareneinfuhrgesetz 2002; Tierärztegesetz, Änderung",935 d.B.,https://www.parlament.gv.at/PAKT/VHG/XXI/I/I_00935/index.shtml,XXI,XXI_935dB
20.12.2001,BUA,"Allgemeines Sozialversicherungsgesetz, Änderung",931 d.B.,https://www.parlament.gv.at/PAKT/VHG/XXI/I/I_00931/index.shtml,XXI,XXI_931dB
20.12.2001,BUA,"Bundesgesetz über Funkanlagen und Telekommunikationsendeinrichtungen, Änderung",910 d.B.,https://www.parlament.gv.at/PAKT/VHG/XXI/I/I_00910/index.shtml,XXI,XXI_910dB
20.12.2001,RV,Belastung öffentlichen Wassergutes mit Fischereirechten,879 d.B.,https://www.parlament.gv.at/PAKT/VHG/XXI/I/I_00879/index.shtml,XXI,XXI_879dB
20.12.2001,RV,"Bundesgesetz über Ausbildung, Tätigkeiten und Beruf der Sanitäter; Bundesgesetz über die Regelung des medizinisch-technischen Fachdienstes und der Sanitätshilfsdienste, Ausbildungsvorbehaltsgesetz u.a., Änderung",872 d.B.,https://www.parlament.gv.at/PAKT/VHG/XXI/I/I_00872/index.shtml,XXI,XXI_872dB
20.12.2001,RV,"Bundesbahngesetz, Änderung",852 d.B.,https://www.parlament.gv.at/PAKT/VHG/XXI/I/I_00852/index.shtml,XXI,XXI_852dB
20.12.2001,RV,"Sicherheitspolizeigesetz, Änderung; Einrichtung und Organisation des Bundeskriminalamtes",806 d.B.,https://www.parlament.gv.at/PAKT/VHG/XXI/I/I_00806/index.shtml,XXI,XXI_806dB
20.12.2001,RV,"Euro-Umstellungsgesetz Verkehr, Innovation und Technologie - EUGVIT",803 d.B.,https://www.parlament.gv.at/PAKT/VHG/XXI/I/I_00803/index.shtml,XXI,XXI_803dB
20.12.2001,RV,"Finanzausgleichsgesetz, Änderung",779 d.B.,https://www.parlament.gv.at/PAKT/VHG/XXI/I/I_00779/index.shtml,XXI,XXI_779dB
20.12.2001,RV,"Arzneimittelgesetz, Rezeptpflichtgesetz u.a., Änderung",777 d.B.,https://www.parlament.gv.at/PAKT/VHG/XXI/I/I_00777/index.shtml,XXI,XXI_777dB
20.12.2001,RV,Informationssicherheitsgesetz,753 d.B.,https://www.parlament.gv.at/PAKT/VHG/XXI/I/I_00753/index.shtml,XXI,XXI_753dB
20.12.2001,A,"Versicherungsaufsichtsgesetz, Änderung",577/A,https://www.parlament.gv.at/PAKT/VHG/XXI/A/A_00577/index.shtml,XXI,XXI_577A
20.12.2001,A,2. BFG-Novelle 2002,543/A,https://www.parlament.gv.at/PAKT/VHG/XXI/A/A_00543/index.shtml,XXI,XXI_543A
20.12.2001,A,"Katastrophenfondsgesetz, Änderung",537/A,https://www.parlament.gv.at/PAKT/VHG/XXI/A/A_00537/index.shtml,XXI,XXI_537A
20.12.2001,A,Veräußerung von Bundesanteilen an Flughafenbetriebsgesellschaften,536/A,https://www.parlament.gv.at/PAKT/VHG/XXI/A/A_00536/index.shtml,XXI,XXI_536A
12.12.2001,A,"Abgeltung von Lehr- und Prüfungstätigkeiten an Hochschulen, Änderung",568/A,https://www.parlament.gv.at/PAKT/VHG/XXI/A/A_00568/index.shtml,XXI,XXI_568A
12.12.2001,A,"Allgemeines Sozialversicherungsgesetz, Änderung",567/A,https://www.parlament.gv.at/PAKT/VHG/XXI/A/A_00567/index.shtml,XXI,XXI_567A
07.12.2001,RV,"Notarversicherungsgesetz, Änderung (10. Novelle zum NVG 1972)",839 d.B. und Zu 839 d.B.,https://www.parlament.gv.at/PAKT/VHG/XXI/I/I_00839/index.shtml,XXI,XXI_839dBundZu839dB
07.12.2001,RV,"Beamten-Kranken- und Unfallversicherungsgesetz, Änderung (29. Novelle zum B-KUVG)",838 d.B. und Zu 838 d.B.,https://www.parlament.gv.at/PAKT/VHG/XXI/I/I_00838/index.shtml,XXI,XXI_838dBundZu838dB
07.12.2001,RV,"Bauern-Sozialversicherungsgesetz, Änderung (25. Novelle zum BSVG)",837 d.B. und Zu 837 d.B.,https://www.parlament.gv.at/PAKT/VHG/XXI/I/I_00837/index.shtml,XXI,XXI_837dBundZu837dB
07.12.2001,RV,"Sozialversicherung freiberuflich selbständiger Erwerbstätiger, Änderung (12. Novelle zum FSVG)",836 d.B. und Zu 836 d.B.,https://www.parlament.gv.at/PAKT/VHG/XXI/I/I_00836/index.shtml,XXI,XXI_836dBundZu836dB
07.12.2001,RV,"Gewerbliche Sozialversicherungsgesetz, Änderung (26. Novelle zum GSVG)",835 d.B. und Zu 835 d.B.,https://www.parlament.gv.at/PAKT/VHG/XXI/I/I_00835/index.shtml,XXI,XXI_835dBundZu835dB
07.12.2001,RV,"Allgemeines Sozialversicherungsgesetz, Änderung (59. Novelle zum ASVG)",834 d.B. und Zu 834 d.B.,https://www.parlament.gv.at/PAKT/VHG/XXI/I/I_00834/index.shtml,XXI,XXI_834dBundZu834dB
07.12.2001,RV,"Familienlastenausgleichsgesetz, Kinderbetreuungsgeldgesetz, Änderung",828 d.B.,https://www.parlament.gv.at/PAKT/VHG/XXI/I/I_00828/index.shtml,XXI,XXI_828dB
07.12.2001,RV,"Energielenkungsgesetz, Änderung",816 d.B.,https://www.parlament.gv.at/PAKT/VHG/XXI/I/I_00816/index.shtml,XXI,XXI_816dB
07.12.2001,RV,"Erdölbevorratungsgesetz, Meldegesetz, Änderung",815 d.B.,https://www.parlament.gv.at/PAKT/VHG/XXI/I/I_00815/index.shtml,XXI,XXI_815dB
07.12.2001,RV,Arbeitnehmerschutz-Reformgesetz,802 d.B.,https://www.parlament.gv.at/PAKT/VHG/XXI/I/I_00802/index.shtml,XXI,XXI_802dB
07.12.2001,RV,"Euro-Umstellungsgesetz Patent-, Marken- und Musterrecht",800 d.B.,https://www.parlament.gv.at/PAKT/VHG/XXI/I/I_00800/index.shtml,XXI,XXI_800dB
07.12.2001,RV,Gehaltskassengesetz 2002,770 d.B.,https://www.parlament.gv.at/PAKT/VHG/XXI/I/I_00770/index.shtml,XXI,XXI_770dB
07.12.2001,RV,"Versorgungssicherungsgesetz, Änderung",739 d.B.,https://www.parlament.gv.at/PAKT/VHG/XXI/I/I_00739/index.shtml,XXI,XXI_739dB
07.12.2001,A,"Wohnungsgemeinnützigkeitsgesetz, Änderung (Wohnrechtsnovelle 2002- WRN 2002)",529/A,https://www.parlament.gv.at/PAKT/VHG/XXI/A/A_00529/index.shtml,XXI,XXI_529A
07.12.2001,A,"Wirtschaftskammergesetz, Änderung",501/A,https://www.parlament.gv.at/PAKT/VHG/XXI/A/A_00501/index.shtml,XXI,XXI_501A
07.12.2001,A,"Bauernsozialversicherungsgesetz, Bewertungsgesetz, Änderung",483/A,https://www.parlament.gv.at/PAKT/VHG/XXI/A/A_00483/index.shtml,XXI,XXI_483A
06.12.2001,BRA,Bundesrechnungsabschluss für das Jahr 2000,III-113 d.B.,https://www.parlament.gv.at/PAKT/VHG/XXI/III/III_00113/index.shtml,XXI,XXI_III113dB
06.12.2001,BUA,Deregulierungsgesetz 2001,886 d.B.,https://www.parlament.gv.at/PAKT/VHG/XXI/I/I_00886/index.shtml,XXI,XXI_886dB
06.12.2001,BUA,"Bundesgesetz über Sonderregelungen zur Mittelstandsfinanzierung auf dem Gebiet der Gebühren und Verkehrsteuern, Änderung",860 d.B.,https://www.parlament.gv.at/PAKT/VHG/XXI/I/I_00860/index.shtml,XXI,XXI_860dB
06.12.2001,BUA,"Einkommensteuergesetz, Änderung",855 d.B.,https://www.parlament.gv.at/PAKT/VHG/XXI/I/I_00855/index.shtml,XXI,XXI_855dB
06.12.2001,RV,2. Dienstrechts-Novelle 2001,842 d.B.,https://www.parlament.gv.at/PAKT/VHG/XXI/I/I_00842/index.shtml,XXI,XXI_842dB
06.12.2001,RV,Mineralrohstoffgesetznovelle 2001,833 d.B.,https://www.parlament.gv.at/PAKT/VHG/XXI/I/I_00833/index.shtml,XXI,XXI_833dB
06.12.2001,RV,Bildungsdokumentationsgesetz,832 d.B.,https://www.parlament.gv.at/PAKT/VHG/XXI/I/I_00832/index.shtml,XXI,XXI_832dB
06.12.2001,RV,Österreichische Bibliothekenverbund und Service Gesellschaft mit beschränkter Haftung,830 d.B.,https://www.parlament.gv.at/PAKT/VHG/XXI/I/I_00830/index.shtml,XXI,XXI_830dB
06.12.2001,RV,Abgabenänderungsgesetz 2001,827 d.B.,https://www.parlament.gv.at/PAKT/VHG/XXI/I/I_00827/index.shtml,XXI,XXI_827dB
06.12.2001,RV,"E-Commerce-Gesetz; Signaturgesetz, Zivilprozeßordnung, Änderung",817 d.B.,https://www.parlament.gv.at/PAKT/VHG/XXI/I/I_00817/index.shtml,XXI,XXI_817dB
06.12.2001,RV,"Bundesfinanzgesetz, Änderung (8. BFG-Novelle 2001)",785 d.B.,https://www.parlament.gv.at/PAKT/VHG/XXI/I/I_00785/index.shtml,XXI,XXI_785dB
06.12.2001,RV,"Bundesfinanzgesetz, Änderung (BFG-Novelle 2002)",784 d.B.,https://www.parlament.gv.at/PAKT/VHG/XXI/I/I_00784/index.shtml,XXI,XXI_784dB
06.12.2001,RV,Budgetüberschreitungsgesetz 2001 - BÜG 2001,783 d.B.,https://www.parlament.gv.at/PAKT/VHG/XXI/I/I_00783/index.shtml,XXI,XXI_783dB
06.12.2001,RV,"Versicherungsaufsichtsgesetz, Kraftfahrzeug-Haftpflichtversicherungsgesetz u.a., Änderung",782 d.B.,https://www.parlament.gv.at/PAKT/VHG/XXI/I/I_00782/index.shtml,XXI,XXI_782dB
06.12.2001,RV,"Bundeshaushaltsgesetz, Änderung",780 d.B.,https://www.parlament.gv.at/PAKT/VHG/XXI/I/I_00780/index.shtml,XXI,XXI_780dB
06.12.2001,RV,Gewährung eines Bundeszuschusses an das Land Burgenland aus Anlass der 80-jährigen Zugehörigkeit zu Österreich,778 d.B.,https://www.parlament.gv.at/PAKT/VHG/XXI/I/I_00778/index.shtml,XXI,XXI_778dB
06.12.2001,RV,"Errichtung des Staatsschuldenausschusses, Änderung",776 d.B.,https://www.parlament.gv.at/PAKT/VHG/XXI/I/I_00776/index.shtml,XXI,XXI_776dB
06.12.2001,RV,"Pensionskassengesetz, Gründung einer Bundespensionskasse AG, Änderung",775 d.B.,https://www.parlament.gv.at/PAKT/VHG/XXI/I/I_00775/index.shtml,XXI,XXI_775dB
06.12.2001,RV,Verwaltungsreformgesetz 2001,772 d.B.,https://www.parlament.gv.at/PAKT/VHG/XXI/I/I_00772/index.shtml,XXI,XXI_772dB
06.12.2001,RV,"Abgeltung von Prüfungstätigkeiten im Bereich des Schulwesens mit Ausnahme des Hochschulwesens, Änderung",644 d.B.,https://www.parlament.gv.at/PAKT/VHG/XXI/I/I_00644/index.shtml,XXI,XXI_644dB
06.12.2001,RV,"Abgeltung von bestimmten Unterrichts- und Erziehungstätigkeiten, Änderung",643 d.B.,https://www.parlament.gv.at/PAKT/VHG/XXI/I/I_00643/index.shtml,XXI,XXI_643dB
06.12.2001,A,"Mietrechtsgesetz, Änderung",533/A,https://www.parlament.gv.at/PAKT/VHG/XXI/A/A_00533/index.shtml,XXI,XXI_533A
06.12.2001,A,"Fremdengesetz, Änderung",532/A,https://www.parlament.gv.at/PAKT/VHG/XXI/A/A_00532/index.shtml,XXI,XXI_532A
06.12.2001,A,"Bundesmuseen-Gesetz; Forschungsorganisationsgesetz, Errichtung einer Museumsquartier-Errichtungs- und Betriebsgesellschaft u.a., Änderung",528/A,https://www.parlament.gv.at/PAKT/VHG/XXI/A/A_00528/index.shtml,XXI,XXI_528A
06.12.2001,A,"Euro-Währungsangabengesetz, Änderung",520/A,https://www.parlament.gv.at/PAKT/VHG/XXI/A/A_00520/index.shtml,XXI,XXI_520A
23.11.2001,A,"Straßenverkehrsordnung, Änderung",555/A,https://www.parlament.gv.at/PAKT/VHG/XXI/A/A_00555/index.shtml,XXI,XXI_555A
23.11.2001,A,"Bundesgesetz, mit dem die XXI. Gesetzgebungsperiode des Nationalrates vorzeitig beendet wird",552/A,https://www.parlament.gv.at/PAKT/VHG/XXI/A/A_00552/index.shtml,XXI,XXI_552A
23.11.2001,A,ÖIAG-Gesetz 2000,472/A,https://www.parlament.gv.at/PAKT/VHG/XXI/A/A_00472/index.shtml,XXI,XXI_472A
22.11.2001,A,"Bundesverfassungsgesetz über die Begrenzung von Bezügen öffentlicher Funktionäre, Änderung",539/A,https://www.parlament.gv.at/PAKT/VHG/XXI/A/A_00539/index.shtml,XXI,XXI_539A
15.11.2001,A,Wohnrechtsnovelle 2000,129/A,https://www.parlament.gv.at/PAKT/VHG/XXI/A/A_00129/index.shtml,XXI,XXI_129A
14.11.2001,RV,"Bundesgesetz über die Einbringung der Österreichischen Postsparkasse in eine Aktiengesellschaft, Postsparkassengesetz u.a., Änderung",49 d.B.,https://www.parlament.gv.at/PAKT/VHG/XXI/I/I_00049/index.shtml,XXI,XXI_49dB
14.11.2001,RV,ÖIAG-Gesetz 2000,48 d.B.,https://www.parlament.gv.at/PAKT/VHG/XXI/I/I_00048/index.shtml,XXI,XXI_48dB
14.11.2001,A,Verwaltungsgerichtsordnung,170/A,https://www.parlament.gv.at/PAKT/VHG/XXI/A/A_00170/index.shtml,XXI,XXI_170A
14.11.2001,A,"Bundes-Verfassungsgesetz zur Einführung einer Landesverwaltungsgerichtsbarkeit, Änderung",169/A,https://www.parlament.gv.at/PAKT/VHG/XXI/A/A_00169/index.shtml,XXI,XXI_169A
08.11.2001,BUA,"Bundesverfassungsgesetz über die Begrenzung von Bezügen öffentlicher Funktionäre, Bundesbezügegesetz, Änderung",825 d.B.,https://www.parlament.gv.at/PAKT/VHG/XXI/I/I_00825/index.shtml,XXI,XXI_825dB
08.11.2001,BUA,"Schaffung eines Österreichischen Ehrenzeichens für Wissenschaft und Kunst, Änderung",812 d.B.,https://www.parlament.gv.at/PAKT/VHG/XXI/I/I_00812/index.shtml,XXI,XXI_812dB
08.11.2001,BUA,"Errichtung eines Rates für Fragen der österreichischen Integrationspolitik und das Kriegsmaterialgesetz, Änderung",810 d.B.,https://www.parlament.gv.at/PAKT/VHG/XXI/I/I_00810/index.shtml,XXI,XXI_810dB
08.11.2001,BUA,"Bundesgesetz über die allgemein beeideten und gerichtlich zertifizierten Sachverständigen und Dolmetscher, Änderung",790 d.B.,https://www.parlament.gv.at/PAKT/VHG/XXI/I/I_00790/index.shtml,XXI,XXI_790dB
08.11.2001,RV,"Euro-Rechtsanwaltstarif-Novelle; Gerichtskommissionstarifgesetz, Notariatstarifgesetz",760 d.B.,https://www.parlament.gv.at/PAKT/VHG/XXI/I/I_00760/index.shtml,XXI,XXI_760dB
08.11.2001,RV,Euro-Gerichtsgebühren-Novelle,759 d.B.,https://www.parlament.gv.at/PAKT/VHG/XXI/I/I_00759/index.shtml,XXI,XXI_759dB
08.11.2001,RV,Strafrechtsänderungsgesetz 2001,754 d.B.,https://www.parlament.gv.at/PAKT/VHG/XXI/I/I_00754/index.shtml,XXI,XXI_754dB
08.11.2001,RV,"Gleichbehandlungsgesetz, Änderung",745 d.B.,https://www.parlament.gv.at/PAKT/VHG/XXI/I/I_00745/index.shtml,XXI,XXI_745dB
08.11.2001,RV,2. Euro-Umstellungsgesetz - Bund,742 d.B.,https://www.parlament.gv.at/PAKT/VHG/XXI/I/I_00742/index.shtml,XXI,XXI_742dB
08.11.2001,RV,Verwaltungsverfahrensnovelle 2001,723 d.B.,https://www.parlament.gv.at/PAKT/VHG/XXI/I/I_00723/index.shtml,XXI,XXI_723dB
08.11.2001,RV,"Bundes-Verfassungsgesetz, Änderung",622 d.B.,https://www.parlament.gv.at/PAKT/VHG/XXI/I/I_00622/index.shtml,XXI,XXI_622dB
08.11.2001,RV,Bundesverfassungsgesetz über den Abschluss des Vertrages von Nizza,565 d.B.,https://www.parlament.gv.at/PAKT/VHG/XXI/I/I_00565/index.shtml,XXI,XXI_565dB
08.11.2001,RV,"Bundesgesetz über Funkanlagen und Telekommunikationsendeinrichtungen; Telekommunikationsgesetz, Bundesgesetz über die Verkehrs-Arbeitsinspektion, Änderung",483 d.B.,https://www.parlament.gv.at/PAKT/VHG/XXI/I/I_00483/index.shtml,XXI,XXI_483dB
08.11.2001,A,"Jugendausbildungs-Sicherungsgesetz, Änderung",519/A,https://www.parlament.gv.at/PAKT/VHG/XXI/A/A_00519/index.shtml,XXI,XXI_519A
08.11.2001,A,Bundes-Ehrenzeichengesetz,513/A,https://www.parlament.gv.at/PAKT/VHG/XXI/A/A_00513/index.shtml,XXI,XXI_513A
08.11.2001,A,"Nationaler Sicherheitsrat; Wehrgesetz, Änderung",505/A,https://www.parlament.gv.at/PAKT/VHG/XXI/A/A_00505/index.shtml,XXI,XXI_505A
08.11.2001,A,"Wirtschaftstreuhandberufsgesetz, Änderung",500/A,https://www.parlament.gv.at/PAKT/VHG/XXI/A/A_00500/index.shtml,XXI,XXI_500A
24.10.2001,RV,Strafprozessnovelle 2001,755 d.B.,https://www.parlament.gv.at/PAKT/VHG/XXI/I/I_00755/index.shtml,XXI,XXI_755dB
24.10.2001,RV,"Strafgesetzbuch, Strafprozeßordnung u.a., Änderung",487 d.B.,https://www.parlament.gv.at/PAKT/VHG/XXI/I/I_00487/index.shtml,XXI,XXI_487dB
24.10.2001,A,"Strafgesetzbuch, Änderung",257/A,https://www.parlament.gv.at/PAKT/VHG/XXI/A/A_00257/index.shtml,XXI,XXI_257A
11.10.2001,RV,"Bundesfinanzgesetz 2001, Änderung (7. BFG-Novelle 2001)",764 d.B.,https://www.parlament.gv.at/PAKT/VHG/XXI/I/I_00764/index.shtml,XXI,XXI_764dB
09.10.2001,A,"Arbeitszeitgesetz, Arbeitsruhegesetz, Änderung",471/A,https://www.parlament.gv.at/PAKT/VHG/XXI/A/A_00471/index.shtml,XXI,XXI_471A
26.09.2001,A,Offenlegung von Einkommen und Vermögen im öffentlichen Bereich,521/A,https://www.parlament.gv.at/PAKT/VHG/XXI/A/A_00521/index.shtml,XXI,XXI_521A
26.09.2001,A,"Wehrgesetz, Änderung",514/A,https://www.parlament.gv.at/PAKT/VHG/XXI/A/A_00514/index.shtml,XXI,XXI_514A
26.09.2001,A,"Angestelltengesetz, Änderung",494/A,https://www.parlament.gv.at/PAKT/VHG/XXI/A/A_00494/index.shtml,XXI,XXI_494A
20.07.2001,BUA,"Landarbeitsgesetz 1984, Änderung",729 d.B.,https://www.parlament.gv.at/PAKT/VHG/XXI/I/I_00729/index.shtml,XXI,XXI_729dB
20.07.2001,RV,"IAF-Service GmbH; Bundessozialämtergesetz, Insolvenz-Entgeltsicherungsgesetz u.a., Änderung",666 d.B.,https://www.parlament.gv.at/PAKT/VHG/XXI/I/I_00666/index.shtml,XXI,XXI_666dB
20.07.2001,RV,Finanzmarktaufsichtsgesetz,641 d.B.,https://www.parlament.gv.at/PAKT/VHG/XXI/I/I_00641/index.shtml,XXI,XXI_641dB
20.07.2001,RV,Dienstrechts-Novelle 2001 - Universitäten,636 d.B.,https://www.parlament.gv.at/PAKT/VHG/XXI/I/I_00636/index.shtml,XXI,XXI_636dB
20.07.2001,RV,Privatfernsehgesetz,635 d.B.,https://www.parlament.gv.at/PAKT/VHG/XXI/I/I_00635/index.shtml,XXI,XXI_635dB
20.07.2001,RV,"Rundfunkgesetz, Arbeitsverfassungsgesetz, Änderung",634 d.B.,https://www.parlament.gv.at/PAKT/VHG/XXI/I/I_00634/index.shtml,XXI,XXI_634dB
20.07.2001,RV,Österreichischer Beitrag zum Treuhandfonds für hochverschuldete arme Länder (HIPC-Trust Fund),633 d.B.,https://www.parlament.gv.at/PAKT/VHG/XXI/I/I_00633/index.shtml,XXI,XXI_633dB
20.07.2001,RV,Abschluss von Kooperationsvereinbarungen mit internationalen Finanzinstitutionen,632 d.B.,https://www.parlament.gv.at/PAKT/VHG/XXI/I/I_00632/index.shtml,XXI,XXI_632dB
20.07.2001,RV,"Veräußerung der Anteile des Bundes an der Österreichischer Bundesverlag Gesellschaft mit beschränkter Haftung; Neuregelung der Rechtsstellung des Österreichischen Bundesverlages, Änderung",631 d.B.,https://www.parlament.gv.at/PAKT/VHG/XXI/I/I_00631/index.shtml,XXI,XXI_631dB
20.07.2001,RV,"Universitäts-Studiengesetz, Änderung",630 d.B.,https://www.parlament.gv.at/PAKT/VHG/XXI/I/I_00630/index.shtml,XXI,XXI_630dB
20.07.2001,RV,"Ärztegesetz, Änderung (2. Ärztegesetz-Novelle)",629 d.B.,https://www.parlament.gv.at/PAKT/VHG/XXI/I/I_00629/index.shtml,XXI,XXI_629dB
20.07.2001,RV,Apothekerkammergesetz 2001,628 d.B.,https://www.parlament.gv.at/PAKT/VHG/XXI/I/I_00628/index.shtml,XXI,XXI_628dB
20.07.2001,RV,28. Novelle zum B-KUVG,627 d.B.,https://www.parlament.gv.at/PAKT/VHG/XXI/I/I_00627/index.shtml,XXI,XXI_627dB
20.07.2001,RV,"Bauern-Sozialversicherungsgesetz, Änderung (24. Novelle zum BSVG)",626 d.B.,https://www.parlament.gv.at/PAKT/VHG/XXI/I/I_00626/index.shtml,XXI,XXI_626dB
20.07.2001,RV,"Gewerbliches Sozialversicherungsgesetz, Änderung (25. Novelle zum GSVG)",625 d.B.,https://www.parlament.gv.at/PAKT/VHG/XXI/I/I_00625/index.shtml,XXI,XXI_625dB
20.07.2001,RV,"Allgemeines Sozialversicherungsgesetz, Änderung (58. Novelle zum ASVG)",624 d.B.,https://www.parlament.gv.at/PAKT/VHG/XXI/I/I_00624/index.shtml,XXI,XXI_624dB
20.07.2001,RV,"2. EURO-Finanzbegleitgesetz, Euro-Anpassungsgesetz-BMI, 2. Euro-Justiz-Begleitgesetz, 1. Euro-Umstellungsgesetz - Bund",621 d.B.,https://www.parlament.gv.at/PAKT/VHG/XXI/I/I_00621/index.shtml,XXI,XXI_621dB
20.07.2001,RV,"Kinderbetreuungsgeldgesetz; Familienlastenausgleichsgesetz, Allgemeines Sozialversicherungsgesetz u.a., Änderung",620 d.B.,https://www.parlament.gv.at/PAKT/VHG/XXI/I/I_00620/index.shtml,XXI,XXI_620dB
20.07.2001,RV,"Heimarbeitsgesetz, Änderung",595 d.B.,https://www.parlament.gv.at/PAKT/VHG/XXI/I/I_00595/index.shtml,XXI,XXI_595dB
20.07.2001,RV,"Fernseh-Exklusivrechtegesetz-FERG; Kabel- und Satelliten-Rundfunkgesetz, Rundfunkgesetz, Änderung",285 d.B.,https://www.parlament.gv.at/PAKT/VHG/XXI/I/I_00285/index.shtml,XXI,XXI_285dB
19.07.2001,RV,"Asylgesetz, Änderung (Asylgesetz-Novelle 2001)",669 d.B.,https://www.parlament.gv.at/PAKT/VHG/XXI/I/I_00669/index.shtml,XXI,XXI_669dB
19.07.2001,RV,"Güterbeförderungsgesetz, Änderung",668 d.B.,https://www.parlament.gv.at/PAKT/VHG/XXI/I/I_00668/index.shtml,XXI,XXI_668dB
19.07.2001,RV,Agrarrechtsänderungsgesetz 2001,642 d.B.,https://www.parlament.gv.at/PAKT/VHG/XXI/I/I_00642/index.shtml,XXI,XXI_642dB
19.07.2001,RV,"Euro-Umstellungsgesetz Land- und Forstwirtschaft, Umwelt und Wasserwirtschaft",592 d.B.,https://www.parlament.gv.at/PAKT/VHG/XXI/I/I_00592/index.shtml,XXI,XXI_592dB
19.07.2001,RV,"Oberster Gerichtshof, Gerichtsorganisationsgesetz, Änderung",525 d.B.,https://www.parlament.gv.at/PAKT/VHG/XXI/I/I_00525/index.shtml,XXI,XXI_525dB
19.07.2001,RV,"Patentanwaltsgesetz, Änderung",484 d.B.,https://www.parlament.gv.at/PAKT/VHG/XXI/I/I_00484/index.shtml,XXI,XXI_484dB
19.07.2001,RV,Umweltmanagementgesetz,352 d.B. und Zu 352 d.B.,https://www.parlament.gv.at/PAKT/VHG/XXI/I/I_00352/index.shtml,XXI,XXI_352dBundZu352dB
19.07.2001,A,Pensionsreformgesetz 2001,438/A,https://www.parlament.gv.at/PAKT/VHG/XXI/A/A_00438/index.shtml,XXI,XXI_438A
19.07.2001,A,Maßnahmen Umwandlung der NÖ Umweltschutzanstalt in eine Kapitalgesellschaft,421/A,https://www.parlament.gv.at/PAKT/VHG/XXI/A/A_00421/index.shtml,XXI,XXI_421A
09.07.2001,VOLKBG,Volksbegehren für die Neu-Austragung der EU-Volksabstimmung unter fairen Bedingungen,445 d.B.,https://www.parlament.gv.at/PAKT/VHG/XXI/I/I_00445/index.shtml,XXI,XXI_445dB
09.07.2001,VOLKBG,Familien-Volksbegehren,1 d.B.,https://www.parlament.gv.at/PAKT/VHG/XXI/I/I_00001/index.shtml,XXI,XXI_1dB
06.07.2001,RV,"Straßenverkehrsordnung, Änderung (21. StVO-Novelle)",667 d.B.,https://www.parlament.gv.at/PAKT/VHG/XXI/I/I_00667/index.shtml,XXI,XXI_667dB
06.07.2001,A,"Futtermittelgesetz, Änderung",493/A,https://www.parlament.gv.at/PAKT/VHG/XXI/A/A_00493/index.shtml,XXI,XXI_493A
05.07.2001,BUA,"Rundfunkgesetz, Änderung",721 d.B.,https://www.parlament.gv.at/PAKT/VHG/XXI/I/I_00721/index.shtml,XXI,XXI_721dB
05.07.2001,A,"Gesundheits- und Sozialbereich-Beihilfengesetz, Änderung",470/A,https://www.parlament.gv.at/PAKT/VHG/XXI/A/A_00470/index.shtml,XXI,XXI_470A
21.06.2001,RV,Bundes-Seniorengesetz,594 d.B.,https://www.parlament.gv.at/PAKT/VHG/XXI/I/I_00594/index.shtml,XXI,XXI_594dB
21.06.2001,RV,Sozialversicherungs-Währungsumstellungs-Begleitgesetz,593 d.B.,https://www.parlament.gv.at/PAKT/VHG/XXI/I/I_00593/index.shtml,XXI,XXI_593dB
21.06.2001,RV,Leistung eines Beitrages zum Asiatischen Entwicklungsfonds der Asiatischen Entwicklungsbank,591 d.B.,https://www.parlament.gv.at/PAKT/VHG/XXI/I/I_00591/index.shtml,XXI,XXI_591dB
21.06.2001,RV,Euro-Steuerumstellungsgesetz,590 d.B.,https://www.parlament.gv.at/PAKT/VHG/XXI/I/I_00590/index.shtml,XXI,XXI_590dB
21.06.2001,RV,Produktpirateriegesetz,589 d.B.,https://www.parlament.gv.at/PAKT/VHG/XXI/I/I_00589/index.shtml,XXI,XXI_589dB
21.06.2001,RV,"Katastrophenfondsgesetz, Bundesfinanzgesetz 2001, Änderung",587 d.B.,https://www.parlament.gv.at/PAKT/VHG/XXI/I/I_00587/index.shtml,XXI,XXI_587dB
21.06.2001,RV,"Fleischuntersuchungsgesetz, Änderung",586 d.B.,https://www.parlament.gv.at/PAKT/VHG/XXI/I/I_00586/index.shtml,XXI,XXI_586dB
21.06.2001,RV,"Vollzugsanweisung betr. Tierkörperverwertung, Änderung",585 d.B.,https://www.parlament.gv.at/PAKT/VHG/XXI/I/I_00585/index.shtml,XXI,XXI_585dB
21.06.2001,RV,"Tiermehl-Gesetz, Änderung",584 d.B.,https://www.parlament.gv.at/PAKT/VHG/XXI/I/I_00584/index.shtml,XXI,XXI_584dB
21.06.2001,RV,"Land- und forstwirtschaftliches Bundesschulgesetz, Änderung",583 d.B.,https://www.parlament.gv.at/PAKT/VHG/XXI/I/I_00583/index.shtml,XXI,XXI_583dB
21.06.2001,RV,"Schulunterrichtsgesetz, Änderung",582 d.B.,https://www.parlament.gv.at/PAKT/VHG/XXI/I/I_00582/index.shtml,XXI,XXI_582dB
21.06.2001,RV,"Schulorganisationsgesetz, 12. Schulorganisationsgesetz-Novelle, Änderung",580 d.B.,https://www.parlament.gv.at/PAKT/VHG/XXI/I/I_00580/index.shtml,XXI,XXI_580dB
21.06.2001,RV,"Minderheiten-Schulgesetz für Kärnten, Änderung",579 d.B.,https://www.parlament.gv.at/PAKT/VHG/XXI/I/I_00579/index.shtml,XXI,XXI_579dB
21.06.2001,RV,Euro-Umstellungsgesetz-Schulrecht,578 d.B.,https://www.parlament.gv.at/PAKT/VHG/XXI/I/I_00578/index.shtml,XXI,XXI_578dB
21.06.2001,RV,Versorgungsrechts-Änderungsgesetz 2002,575 d.B.,https://www.parlament.gv.at/PAKT/VHG/XXI/I/I_00575/index.shtml,XXI,XXI_575dB
21.06.2001,RV,"Bundespflegegeldgesetz, Änderung",574 d.B.,https://www.parlament.gv.at/PAKT/VHG/XXI/I/I_00574/index.shtml,XXI,XXI_574dB
21.06.2001,RV,"Bundesbehindertengesetz, Behinderteneinstellungsgesetz u.a., Änderung",573 d.B.,https://www.parlament.gv.at/PAKT/VHG/XXI/I/I_00573/index.shtml,XXI,XXI_573dB
21.06.2001,RV,4. Zollrechts-Durchführungsgesetz-Novelle,567 d.B.,https://www.parlament.gv.at/PAKT/VHG/XXI/I/I_00567/index.shtml,XXI,XXI_567dB
21.06.2001,RV,Bundesgesetz über die Hemmung des Fristenablaufes durch den 31. Dezember 2001,562 d.B.,https://www.parlament.gv.at/PAKT/VHG/XXI/I/I_00562/index.shtml,XXI,XXI_562dB
21.06.2001,RV,"Immissionsschutzgesetz-Luft, Änderung; Smogalarmgesetz, Aufhebung",553 d.B.,https://www.parlament.gv.at/PAKT/VHG/XXI/I/I_00553/index.shtml,XXI,XXI_553dB
21.06.2001,RV,6. Novelle zum Bezirksgerichts-Organisationsgesetz für Wien,399 d.B.,https://www.parlament.gv.at/PAKT/VHG/XXI/I/I_00399/index.shtml,XXI,XXI_399dB
21.06.2001,A,"Altlastensanierungsgesetz, Änderung",435/A,https://www.parlament.gv.at/PAKT/VHG/XXI/A/A_00435/index.shtml,XXI,XXI_435A
07.06.2001,RV,"Schulpflichtgesetz, Änderung",581 d.B.,https://www.parlament.gv.at/PAKT/VHG/XXI/I/I_00581/index.shtml,XXI,XXI_581dB
07.06.2001,A,"Kriegsgefangenenentschädigungsgesetz, Änderung",462/A,https://www.parlament.gv.at/PAKT/VHG/XXI/A/A_00462/index.shtml,XXI,XXI_462A
07.06.2001,A,"Suchtmittelgesetz, Änderung",426/A,https://www.parlament.gv.at/PAKT/VHG/XXI/A/A_00426/index.shtml,XXI,XXI_426A
07.06.2001,A,"Schulpflichtgesetz, Änderung",396/A,https://www.parlament.gv.at/PAKT/VHG/XXI/A/A_00396/index.shtml,XXI,XXI_396A
07.06.2001,A,"Schulunterrichtsgesetz, Änderung",86/A,https://www.parlament.gv.at/PAKT/VHG/XXI/A/A_00086/index.shtml,XXI,XXI_86A
07.06.2001,A,"Strafgesetzbuch, Änderung",69/A,https://www.parlament.gv.at/PAKT/VHG/XXI/A/A_00069/index.shtml,XXI,XXI_69A
07.06.2001,A,"Strafgesetzbuch, Änderung",10/A,https://www.parlament.gv.at/PAKT/VHG/XXI/A/A_00010/index.shtml,XXI,XXI_10A
06.06.2001,A,"Bundespflegegeldgesetz, Änderung",43/A,https://www.parlament.gv.at/PAKT/VHG/XXI/A/A_00043/index.shtml,XXI,XXI_43A
01.06.2001,A,"Opferfürsorgegesetz, Änderung",227/A,https://www.parlament.gv.at/PAKT/VHG/XXI/A/A_00227/index.shtml,XXI,XXI_227A
01.06.2001,A,"Arbeiterkammergesetz, Arbeitsverfassungsgesetz u.a., Änderung (zurückgezogen)",14/A und Zu 14/A,https://www.parlament.gv.at/PAKT/VHG/XXI/A/A_00014/index.shtml,XXI,XXI_14AundZu14A
23.05.2001,RV,Auslandseinsatzanpassungsgesetz,536 d.B.,https://www.parlament.gv.at/PAKT/VHG/XXI/I/I_00536/index.shtml,XXI,XXI_536dB
23.05.2001,RV,Auslandseinsatzgesetz 2001,535 d.B.,https://www.parlament.gv.at/PAKT/VHG/XXI/I/I_00535/index.shtml,XXI,XXI_535dB
23.05.2001,RV,"Bundesgesetz über die Ein-, Aus- und Durchfuhr von Kriegsmaterial, Waffengesetz, Änderung; Truppenaufenthaltsgesetz",428 d.B.,https://www.parlament.gv.at/PAKT/VHG/XXI/I/I_00428/index.shtml,XXI,XXI_428dB
23.05.2001,A,"Allgemeines Sozialversicherungsgesetz, Gewerbliches Sozialversicherungsgesetz u.a., Änderung",412/A,https://www.parlament.gv.at/PAKT/VHG/XXI/A/A_00412/index.shtml,XXI,XXI_412A
11.05.2001,A,"Bauarbeiter-Urlaubs- und Abfertigungsgesetz, Änderung",431/A,https://www.parlament.gv.at/PAKT/VHG/XXI/A/A_00431/index.shtml,XXI,XXI_431A
10.05.2001,A,"Fremdengesetz, Änderung",425/A,https://www.parlament.gv.at/PAKT/VHG/XXI/A/A_00425/index.shtml,XXI,XXI_425A
10.05.2001,A,"Einkommensteuergesetz, Änderung",387/A,https://www.parlament.gv.at/PAKT/VHG/XXI/A/A_00387/index.shtml,XXI,XXI_387A
10.05.2001,A,"Landwirtschaftsgesetz, Änderung",191/A,https://www.parlament.gv.at/PAKT/VHG/XXI/A/A_00191/index.shtml,XXI,XXI_191A
19.04.2001,BUA,"Entschädigungsfondsgesetz, Bundesfinanzgesetz 2001 u.a., Änderung",541 d.B.,https://www.parlament.gv.at/PAKT/VHG/XXI/I/I_00541/index.shtml,XXI,XXI_541dB
19.04.2001,RV,Bundesfinanzgesetz 2002,500 d.B. und Zu 500 d.B.,https://www.parlament.gv.at/PAKT/VHG/XXI/I/I_00500/index.shtml,XXI,XXI_500dBundZu500dB
19.04.2001,RV,Budgetbegleitgesetz 2002,499 d.B.,https://www.parlament.gv.at/PAKT/VHG/XXI/I/I_00499/index.shtml,XXI,XXI_499dB
19.04.2001,RV,Passgesetz-Novelle 2001,489 d.B.,https://www.parlament.gv.at/PAKT/VHG/XXI/I/I_00489/index.shtml,XXI,XXI_489dB
19.04.2001,RV,BB-GmbH-Gesetz,486 d.B.,https://www.parlament.gv.at/PAKT/VHG/XXI/I/I_00486/index.shtml,XXI,XXI_486dB
19.04.2001,RV,Aktienoptionengesetz,485 d.B.,https://www.parlament.gv.at/PAKT/VHG/XXI/I/I_00485/index.shtml,XXI,XXI_485dB
19.04.2001,RV,"Bundesgesetz, mit dem zur Regelung der elektronischen Übermittlung von Jahresabschlüssen das Handelsgesetzbuch, 1. Euro-Justiz-Begleitgesetz u.a., Änderung",447 d.B.,https://www.parlament.gv.at/PAKT/VHG/XXI/I/I_00447/index.shtml,XXI,XXI_447dB
19.04.2001,RV,"Konsulargebührengesetz, Änderung",427 d.B.,https://www.parlament.gv.at/PAKT/VHG/XXI/I/I_00427/index.shtml,XXI,XXI_427dB
19.04.2001,RV,Gewährleistungsrechts-Änderungsgesetz,422 d.B.,https://www.parlament.gv.at/PAKT/VHG/XXI/I/I_00422/index.shtml,XXI,XXI_422dB
19.04.2001,RV,Bundesgesetz über die Leistung eines zusätzlichen Beitrages zum Internationalen Fonds für landwirtschaftliche Entwicklung (IFAD),419 d.B.,https://www.parlament.gv.at/PAKT/VHG/XXI/I/I_00419/index.shtml,XXI,XXI_419dB
19.04.2001,RV,"Suchtmittelgesetz, Änderung",346 d.B.,https://www.parlament.gv.at/PAKT/VHG/XXI/I/I_00346/index.shtml,XXI,XXI_346dB
19.04.2001,RV,"Arbeitsstättenzählungsgesetz, Änderung",284 d.B.,https://www.parlament.gv.at/PAKT/VHG/XXI/I/I_00284/index.shtml,XXI,XXI_284dB
19.04.2001,A,Bundes-Verfassungsgesetz um Bestimmungen über einen weisungsfreien Bundesstaatsanwalt,329/A,https://www.parlament.gv.at/PAKT/VHG/XXI/A/A_00329/index.shtml,XXI,XXI_329A
19.04.2001,A,"Bundes-Verfassungsgesetz, Verfassungsgerichtshofgesetz, Änderung",306/A,https://www.parlament.gv.at/PAKT/VHG/XXI/A/A_00306/index.shtml,XXI,XXI_306A
19.04.2001,A,"Bundes-Verfassungsgesetz, Änderung",150/A,https://www.parlament.gv.at/PAKT/VHG/XXI/A/A_00150/index.shtml,XXI,XXI_150A
04.04.2001,BUA,"Bundesfinanzgesetz 2001, Änderung",547 d.B.,https://www.parlament.gv.at/PAKT/VHG/XXI/I/I_00547/index.shtml,XXI,XXI_547dB
04.04.2001,A,"Gehaltsgesetz, Änderung",420/A,https://www.parlament.gv.at/PAKT/VHG/XXI/A/A_00420/index.shtml,XXI,XXI_420A
04.04.2001,A,"Unterbringungsgesetz, Arzneimittelgesetz, Änderung",415/A,https://www.parlament.gv.at/PAKT/VHG/XXI/A/A_00415/index.shtml,XXI,XXI_415A
29.03.2001,RV,Binnenschifffahrtsfondsgesetz,84 d.B.,https://www.parlament.gv.at/PAKT/VHG/XXI/I/I_00084/index.shtml,XXI,XXI_84dB
28.03.2001,RV,Objektivierungs-Begleitgesetz,534 d.B.,https://www.parlament.gv.at/PAKT/VHG/XXI/I/I_00534/index.shtml,XXI,XXI_534dB
28.03.2001,RV,Bundesgesetz über den unabhängigen Dienstrechts- und Objektivierungskontrollsenat (UDOS-G),533 d.B.,https://www.parlament.gv.at/PAKT/VHG/XXI/I/I_00533/index.shtml,XXI,XXI_533dB
28.03.2001,RV,Objektivierungsgesetz,532 d.B.,https://www.parlament.gv.at/PAKT/VHG/XXI/I/I_00532/index.shtml,XXI,XXI_532dB
28.03.2001,A,"Schulorganisationsgesetz, Änderung",233/A,https://www.parlament.gv.at/PAKT/VHG/XXI/A/A_00233/index.shtml,XXI,XXI_233A
19.03.2001,RV,"Führerscheingesetz, Änderung",418 d.B.,https://www.parlament.gv.at/PAKT/VHG/XXI/I/I_00418/index.shtml,XXI,XXI_418dB
15.03.2001,RV,"Meldegesetz, Volkszählungsgesetz u.a., Änderung",424 d.B.,https://www.parlament.gv.at/PAKT/VHG/XXI/I/I_00424/index.shtml,XXI,XXI_424dB
15.03.2001,RV,Personenkraftwagen-Verbraucherinformationsgesetz,423 d.B.,https://www.parlament.gv.at/PAKT/VHG/XXI/I/I_00423/index.shtml,XXI,XXI_423dB
15.03.2001,RV,"Punzierungsgesetz 2000; Einführungsgesetz zu den Verwaltungsverfahrensgesetzen, Änderung",393 d.B.,https://www.parlament.gv.at/PAKT/VHG/XXI/I/I_00393/index.shtml,XXI,XXI_393dB
15.03.2001,RV,"Heeresgebührengesetz 2001; Zivildienstgesetz, Änderung",357 d.B.,https://www.parlament.gv.at/PAKT/VHG/XXI/I/I_00357/index.shtml,XXI,XXI_357dB
15.03.2001,A,"Altlastensanierungsgesetz, Änderung (ALSAG-Novelle 2001)",373/A,https://www.parlament.gv.at/PAKT/VHG/XXI/A/A_00373/index.shtml,XXI,XXI_373A
15.03.2001,A,"Wirtschaftskammergesetz, Änderung",371/A,https://www.parlament.gv.at/PAKT/VHG/XXI/A/A_00371/index.shtml,XXI,XXI_371A
15.03.2001,A,"Einrichtung einer ""Kommunikationsbehörde Austria"", Bundeskommunikationssenat; Kabel- und Satelliten-Rundfunkgesetz, Rundfunkgesetz u.a., Änderung",370/A,https://www.parlament.gv.at/PAKT/VHG/XXI/A/A_00370/index.shtml,XXI,XXI_370A
15.03.2001,A,"Einsatzzulagengesetz, Auslandszulagengesetz, Änderung",320/A,https://www.parlament.gv.at/PAKT/VHG/XXI/A/A_00320/index.shtml,XXI,XXI_320A
02.03.2001,A,"Geschäftsordnung des Nationalrates, Änderung",61/A,https://www.parlament.gv.at/PAKT/VHG/XXI/A/A_00061/index.shtml,XXI,XXI_61A
02.03.2001,A,"Straßenverkehrsordnung, Änderung",26/A,https://www.parlament.gv.at/PAKT/VHG/XXI/A/A_00026/index.shtml,XXI,XXI_26A
01.03.2001,A,"Mutterschutzgesetz, Änderung",264/A,https://www.parlament.gv.at/PAKT/VHG/XXI/A/A_00264/index.shtml,XXI,XXI_264A
28.02.2001,A,"Rundfunkgesetz, Änderung",367/A,https://www.parlament.gv.at/PAKT/VHG/XXI/A/A_00367/index.shtml,XXI,XXI_367A
15.02.2001,BRA,Bundesrechnungsabschluss für das Jahr 1999,III-60 d.B.,https://www.parlament.gv.at/PAKT/VHG/XXI/III/III_00060/index.shtml,XXI,XXI_III60dB
15.02.2001,BUA,"Entschädigungsfondsgesetz; Allgemeines Sozialversicherungsgesetz, Opferfürsorgegesetz, Änderung",476 d.B.,https://www.parlament.gv.at/PAKT/VHG/XXI/I/I_00476/index.shtml,XXI,XXI_476dB
15.02.2001,BUA,transmissiblen spongiformen Enzephalopathien Verfütterung von tierischem Protein,461 d.B.,https://www.parlament.gv.at/PAKT/VHG/XXI/I/I_00461/index.shtml,XXI,XXI_461dB
15.02.2001,BUA,"Düngemittelgesetz 1994, Änderung",455 d.B.,https://www.parlament.gv.at/PAKT/VHG/XXI/I/I_00455/index.shtml,XXI,XXI_455dB
15.02.2001,RV,Privatradiogesetz,401 d.B.,https://www.parlament.gv.at/PAKT/VHG/XXI/I/I_00401/index.shtml,XXI,XXI_401dB
15.02.2001,RV,"Hochschülerschaftsgesetz, Änderung",394 d.B.,https://www.parlament.gv.at/PAKT/VHG/XXI/I/I_00394/index.shtml,XXI,XXI_394dB
15.02.2001,RV,"Sparkassengesetz, Änderung",392 d.B.,https://www.parlament.gv.at/PAKT/VHG/XXI/I/I_00392/index.shtml,XXI,XXI_392dB
15.02.2001,RV,"Organisation der Universitäten, Organisation der Universitäten der Künste u.a., Änderung",389 d.B.,https://www.parlament.gv.at/PAKT/VHG/XXI/I/I_00389/index.shtml,XXI,XXI_389dB
15.02.2001,RV,"Rindfleisch-Etikettierungsgesetz, Lebensmittelgesetz, Änderung",388 d.B.,https://www.parlament.gv.at/PAKT/VHG/XXI/I/I_00388/index.shtml,XXI,XXI_388dB
15.02.2001,A,"Poststrukturgesetz, Änderung (Poststrukturgesetz-Novelle 2000)",351/A,https://www.parlament.gv.at/PAKT/VHG/XXI/A/A_00351/index.shtml,XXI,XXI_351A
15.02.2001,A,"Nationalfond der Republik Österreich für Opfer des Nationalsozialismus, Änderung",350/A,https://www.parlament.gv.at/PAKT/VHG/XXI/A/A_00350/index.shtml,XXI,XXI_350A
15.02.2001,A,"Apothekengesetz, Änderung",341/A,https://www.parlament.gv.at/PAKT/VHG/XXI/A/A_00341/index.shtml,XXI,XXI_341A
15.02.2001,A,"Jugendgerichtsgesetz, Strafgesetzbuch u.a., Änderung",311/A,https://www.parlament.gv.at/PAKT/VHG/XXI/A/A_00311/index.shtml,XXI,XXI_311A
01.02.2001,RV,"Strafgesetzbuch, Änderung",345 d.B.,https://www.parlament.gv.at/PAKT/VHG/XXI/I/I_00345/index.shtml,XXI,XXI_345dB
01.02.2001,A,"Strafgesetzbuch, Änderung",325/A,https://www.parlament.gv.at/PAKT/VHG/XXI/A/A_00325/index.shtml,XXI,XXI_325A
01.02.2001,A,Lebensmittelgesetz Änderung,241/A,https://www.parlament.gv.at/PAKT/VHG/XXI/A/A_00241/index.shtml,XXI,XXI_241A
01.02.2001,A,"Hochschülerschaftsgesetz, Änderung",87/A,https://www.parlament.gv.at/PAKT/VHG/XXI/A/A_00087/index.shtml,XXI,XXI_87A
01.02.2001,A,"Strafgesetzbuch, Änderung",82/A,https://www.parlament.gv.at/PAKT/VHG/XXI/A/A_00082/index.shtml,XXI,XXI_82A
31.01.2001,BUA,Bundesgesetzes über den unabhängigen Bundeskommunikationssenat (UBKS-G),469 d.B.,https://www.parlament.gv.at/PAKT/VHG/XXI/I/I_00469/index.shtml,XXI,XXI_469dB
31.01.2001,RV,"Einrichtung einer unabhängigen Regulierungsbehörde in den Bereichen audiovisuelle Medien und Telekommunikation; Einrichtung der ""KommAustria""; Bundes-Verfassungsgesetz, Kabel- und Satelliten-Rundfunkgesetz u.a., Änderung",400 d.B.,https://www.parlament.gv.at/PAKT/VHG/XXI/I/I_00400/index.shtml,XXI,XXI_400dB
31.01.2001,A,"Einkommensteuergesetz, Änderung",357/A,https://www.parlament.gv.at/PAKT/VHG/XXI/A/A_00357/index.shtml,XXI,XXI_357A
31.01.2001,A,"Regionalradiogesetz, Änderung",347/A,https://www.parlament.gv.at/PAKT/VHG/XXI/A/A_00347/index.shtml,XXI,XXI_347A
31.01.2001,A,"Regionalradiogesetz - RRG, Änderung",345/A,https://www.parlament.gv.at/PAKT/VHG/XXI/A/A_00345/index.shtml,XXI,XXI_345A
31.01.2001,A,über wirtschaftliche und soziale Rechte,81/A,https://www.parlament.gv.at/PAKT/VHG/XXI/A/A_00081/index.shtml,XXI,XXI_81A
31.01.2001,A,"Bundes-Verfassungsgesetz, Geschäftsordnungsgesetz, Änderung",18/A,https://www.parlament.gv.at/PAKT/VHG/XXI/A/A_00018/index.shtml,XXI,XXI_18A
09.01.2001,RV,Bundesverfassungsgesetz über den Verfassungsrang bestimmter finanzausgleichsrechtlicher Bestimmungen,387 d.B.,https://www.parlament.gv.at/PAKT/VHG/XXI/I/I_00387/index.shtml,XXI,XXI_387dB
15.12.2000,RV,"Krankenanstaltengesetz, Bundesgesetz über die Dokumentation im Gesundheitswesen u.a., Änderung",396 d.B.,https://www.parlament.gv.at/PAKT/VHG/XXI/I/I_00396/index.shtml,XXI,XXI_396dB
15.12.2000,RV,"Finanzausgleichsgesetz 2001; Finanzausgleichsgesetz, Wohnbauförderungs-Zweckzuschussgesetz, Änderung",379 d.B. und Zu 379 d.B.,https://www.parlament.gv.at/PAKT/VHG/XXI/I/I_00379/index.shtml,XXI,XXI_379dBundZu379dB
15.12.2000,RV,Kapitalmarktoffensive-Gesetz,358 d.B.,https://www.parlament.gv.at/PAKT/VHG/XXI/I/I_00358/index.shtml,XXI,XXI_358dB
15.12.2000,A,"Katastrophenfondsgesetz, Änderung; Umsetzung der Entscheidung des Rates über Schutzmaßnahmen in Bezug auf die transmissiblen spongiformen Enzephalopathien und die Verfütterung von tierischem Protein",346/A,https://www.parlament.gv.at/PAKT/VHG/XXI/A/A_00346/index.shtml,XXI,XXI_346A
15.12.2000,A,"Nachtschwerarbeitsgesetz, Urlaubsgesetz, Änderung",324/A,https://www.parlament.gv.at/PAKT/VHG/XXI/A/A_00324/index.shtml,XXI,XXI_324A
15.12.2000,A,"Dienstrechtliche Sonderregelungen für ausgegliederte Einrichtungen zugewiesener Beamte, Änderung",321/A,https://www.parlament.gv.at/PAKT/VHG/XXI/A/A_00321/index.shtml,XXI,XXI_321A
14.12.2000,BUA,"Parteiengesetz, Änderung",382 d.B.,https://www.parlament.gv.at/PAKT/VHG/XXI/I/I_00382/index.shtml,XXI,XXI_382dB
14.12.2000,BUA,"Bundesvergabegesetz 1997, Änderung",360 d.B.,https://www.parlament.gv.at/PAKT/VHG/XXI/I/I_00360/index.shtml,XXI,XXI_360dB
14.12.2000,RV,"Jugendgerichtsgesetz, Strafgesetzbuch u.a., Änderung",340 d.B.,https://www.parlament.gv.at/PAKT/VHG/XXI/I/I_00340/index.shtml,XXI,XXI_340dB
14.12.2000,RV,"Zivildienstgesetz, Änderung (ZDG-Novelle 2001)",338 d.B.,https://www.parlament.gv.at/PAKT/VHG/XXI/I/I_00338/index.shtml,XXI,XXI_338dB
14.12.2000,RV,Budgetüberschreitungsgesetz 2000,337 d.B.,https://www.parlament.gv.at/PAKT/VHG/XXI/I/I_00337/index.shtml,XXI,XXI_337dB
14.12.2000,RV,"Bundesfinanzgesetz 2000, Änderung (2. BFG-Novelle 2000)",336 d.B.,https://www.parlament.gv.at/PAKT/VHG/XXI/I/I_00336/index.shtml,XXI,XXI_336dB
14.12.2000,RV,"Kunstförderungsbeitragsgesetz, Kunstförderungsgesetz, Änderung",313 d.B.,https://www.parlament.gv.at/PAKT/VHG/XXI/I/I_00313/index.shtml,XXI,XXI_313dB
14.12.2000,RV,Künstler-Sozialversicherungsfondsgesetz,312 d.B.,https://www.parlament.gv.at/PAKT/VHG/XXI/I/I_00312/index.shtml,XXI,XXI_312dB
14.12.2000,RV,Budgetbegleitgesetz 2001,311 d.B.,https://www.parlament.gv.at/PAKT/VHG/XXI/I/I_00311/index.shtml,XXI,XXI_311dB
14.12.2000,RV,Bundesfinanzgesetz 2001 samt Anlagen,310 d.B. und Zu 310 d.B.,https://www.parlament.gv.at/PAKT/VHG/XXI/I/I_00310/index.shtml,XXI,XXI_310dBundZu310dB
14.12.2000,RV,"Wehrgesetz, Änderung",300 d.B.,https://www.parlament.gv.at/PAKT/VHG/XXI/I/I_00300/index.shtml,XXI,XXI_300dB
14.12.2000,RV,"Bundesimmobiliengesetz; Bundesministeriengesetz, ASFINAG-Ermächtigungsgesetz u.a., Änderung",298 d.B.,https://www.parlament.gv.at/PAKT/VHG/XXI/I/I_00298/index.shtml,XXI,XXI_298dB
14.12.2000,RV,"Strafvollzugsgesetz, Strafprozeßordnung u.a., Änderung",297 d.B.,https://www.parlament.gv.at/PAKT/VHG/XXI/I/I_00297/index.shtml,XXI,XXI_297dB
14.12.2000,RV,Kindschaftsrechts-Änderungsgesetz 2001,296 d.B.,https://www.parlament.gv.at/PAKT/VHG/XXI/I/I_00296/index.shtml,XXI,XXI_296dB
14.12.2000,A,2. Sozialversicherungs-Änderungsgesetz (2. SVÄG 2000),338/A,https://www.parlament.gv.at/PAKT/VHG/XXI/A/A_00338/index.shtml,XXI,XXI_338A
14.12.2000,A,"Signaturgesetz, Änderung",313/A,https://www.parlament.gv.at/PAKT/VHG/XXI/A/A_00313/index.shtml,XXI,XXI_313A
14.12.2000,A,Euro-Genossenschaftsbegleitgesetz,312/A,https://www.parlament.gv.at/PAKT/VHG/XXI/A/A_00312/index.shtml,XXI,XXI_312A
14.12.2000,A,"Notarversicherungsgesetz, Änderung (9. Novelle zum Notarversicherungsgesetz 1972)",307/A,https://www.parlament.gv.at/PAKT/VHG/XXI/A/A_00307/index.shtml,XXI,XXI_307A
14.12.2000,A,"Bezügegesetz, Änderung",304/A,https://www.parlament.gv.at/PAKT/VHG/XXI/A/A_00304/index.shtml,XXI,XXI_304A
14.12.2000,A,"Förderung politischer Bildungsarbeit und Publizistik, Änderung",303/A,https://www.parlament.gv.at/PAKT/VHG/XXI/A/A_00303/index.shtml,XXI,XXI_303A
14.12.2000,A,"Fremdengesetz, Änderung",302/A,https://www.parlament.gv.at/PAKT/VHG/XXI/A/A_00302/index.shtml,XXI,XXI_302A
14.12.2000,A,Bundes-Jugendvertretungsgesetz,270/A,https://www.parlament.gv.at/PAKT/VHG/XXI/A/A_00270/index.shtml,XXI,XXI_270A
14.12.2000,A,Bundes-Jugendförderungsgesetz,269/A,https://www.parlament.gv.at/PAKT/VHG/XXI/A/A_00269/index.shtml,XXI,XXI_269A
06.12.2000,A,"Arbeitslosenversicherungsgesetz, Änderung",344/A,https://www.parlament.gv.at/PAKT/VHG/XXI/A/A_00344/index.shtml,XXI,XXI_344A
06.12.2000,A,"Insolvenz-Entgeltsicherungsgesetz, Änderung",343/A,https://www.parlament.gv.at/PAKT/VHG/XXI/A/A_00343/index.shtml,XXI,XXI_343A
24.11.2000,A,Künstlerinnensozialversicherungs-Fondsgesetz - KSVFG,214/A,https://www.parlament.gv.at/PAKT/VHG/XXI/A/A_00214/index.shtml,XXI,XXI_214A
23.11.2000,GABR,Schaffung einer verfassungsrechtlichen Grundlage für das Stellungnahmeverfahren des Bundesrates zu Gesetzesvorschlägen,355 d.B.,https://www.parlament.gv.at/PAKT/VHG/XXI/I/I_00355/index.shtml,XXI,XXI_355dB
23.11.2000,RV,Euro-Genossenschaftsbegleitgesetz,316 d.B.,https://www.parlament.gv.at/PAKT/VHG/XXI/I/I_00316/index.shtml,XXI,XXI_316dB
23.11.2000,A,Bundes-Verfassungsgesetz um Bestimmungen über einen weisungsfreien Bundesstaatsanwalt,326/A,https://www.parlament.gv.at/PAKT/VHG/XXI/A/A_00326/index.shtml,XXI,XXI_326A
23.11.2000,A,"Suchtmittelgesetz, Änderung",267/A,https://www.parlament.gv.at/PAKT/VHG/XXI/A/A_00267/index.shtml,XXI,XXI_267A
22.11.2000,RV,"Signaturgesetz, Änderung",315 d.B.,https://www.parlament.gv.at/PAKT/VHG/XXI/I/I_00315/index.shtml,XXI,XXI_315dB
22.11.2000,A,"Strafgesetzbuch, Änderung",202/A,https://www.parlament.gv.at/PAKT/VHG/XXI/A/A_00202/index.shtml,XXI,XXI_202A
22.11.2000,A,"Strafgesetzbuch, Änderung",127/A,https://www.parlament.gv.at/PAKT/VHG/XXI/A/A_00127/index.shtml,XXI,XXI_127A
22.11.2000,A,"Bundes-Verfassungsgesetz, Geschäftsordnungsgesetz des Nationalrats, Änderung",38/A,https://www.parlament.gv.at/PAKT/VHG/XXI/A/A_00038/index.shtml,XXI,XXI_38A
16.11.2000,RV,"Bundesvergabegesetz; Forschungsorganisationsgesetz, Änderung",329 d.B.,https://www.parlament.gv.at/PAKT/VHG/XXI/I/I_00329/index.shtml,XXI,XXI_329dB
09.11.2000,RV,Spanische Hofreitschule-Gesetz,282 d.B.,https://www.parlament.gv.at/PAKT/VHG/XXI/I/I_00282/index.shtml,XXI,XXI_282dB
09.11.2000,RV,Bundesgesetz über die Veräußerung von unbeweglichem Bundesvermögen,281 d.B.,https://www.parlament.gv.at/PAKT/VHG/XXI/I/I_00281/index.shtml,XXI,XXI_281dB
09.11.2000,RV,"Bundes-Verfassungsgesetz, Änderung; Umweltsenat",280 d.B.,https://www.parlament.gv.at/PAKT/VHG/XXI/I/I_00280/index.shtml,XXI,XXI_280dB
09.11.2000,RV,Gewährung eines Bundeszuschusses aus Anlass der 80. Wiederkehr des Jahrestages der Volksabstimmung,270 d.B.,https://www.parlament.gv.at/PAKT/VHG/XXI/I/I_00270/index.shtml,XXI,XXI_270dB
09.11.2000,RV,"VAG-Novelle 2000, Änderung",219 d.B.,https://www.parlament.gv.at/PAKT/VHG/XXI/I/I_00219/index.shtml,XXI,XXI_219dB
09.11.2000,RV,Bundesgesetz über die Beteiligung Österreichs an der HIPC-Initiative im Rahmen des Internationalen Währungsfonds,104 d.B.,https://www.parlament.gv.at/PAKT/VHG/XXI/I/I_00104/index.shtml,XXI,XXI_104dB
09.11.2000,A,"Stickereiförderungsgesetz, Aufhebung",262/A,https://www.parlament.gv.at/PAKT/VHG/XXI/A/A_00262/index.shtml,XXI,XXI_262A
19.10.2000,RV,"Familienlastenausgleichsgesetz, Änderung",339 d.B.,https://www.parlament.gv.at/PAKT/VHG/XXI/I/I_00339/index.shtml,XXI,XXI_339dB
19.10.2000,A,"Arbeiterkammergesetz, Änderung",305/A,https://www.parlament.gv.at/PAKT/VHG/XXI/A/A_00305/index.shtml,XXI,XXI_305A
19.10.2000,A,"Einkommensteuergesetz, Änderung",256/A,https://www.parlament.gv.at/PAKT/VHG/XXI/A/A_00256/index.shtml,XXI,XXI_256A
19.10.2000,A,"Konsumentenschutzgesetz, Änderung",207/A,https://www.parlament.gv.at/PAKT/VHG/XXI/A/A_00207/index.shtml,XXI,XXI_207A
18.10.2000,A,"Abgabe von Zuwendungen, Änderung",298/A,https://www.parlament.gv.at/PAKT/VHG/XXI/A/A_00298/index.shtml,XXI,XXI_298A
13.10.2000,A,"Eigentumsverhältnisse der österreichischen Elektrizitätswirtschaft, Aufhebung",253/A,https://www.parlament.gv.at/PAKT/VHG/XXI/A/A_00253/index.shtml,XXI,XXI_253A
12.10.2000,RV,"Rechtspraktikantengesetz, Änderung",111 d.B.,https://www.parlament.gv.at/PAKT/VHG/XXI/I/I_00111/index.shtml,XXI,XXI_111dB
12.10.2000,A,"Urheberrechtsgesetz, Änderung (Urheberrechtsgesetz-Novelle 2000 - UrhG-Nov 2000)",210/A,https://www.parlament.gv.at/PAKT/VHG/XXI/A/A_00210/index.shtml,XXI,XXI_210A
12.10.2000,A,"Strafprozessordnung, Auslieferungs- und Rechtshilfegesetz, Änderung",209/A,https://www.parlament.gv.at/PAKT/VHG/XXI/A/A_00209/index.shtml,XXI,XXI_209A
11.10.2000,A,Volksbefragung Erhalt des öffentlichen Waldes,258/A,https://www.parlament.gv.at/PAKT/VHG/XXI/A/A_00258/index.shtml,XXI,XXI_258A
21.09.2000,A,"Gebührengesetz, Änderung",147/A,https://www.parlament.gv.at/PAKT/VHG/XXI/A/A_00147/index.shtml,XXI,XXI_147A
20.09.2000,A,"Strafgesetzbuch, Waffengesetz, Änderung",235/A,https://www.parlament.gv.at/PAKT/VHG/XXI/A/A_00235/index.shtml,XXI,XXI_235A
20.09.2000,A,Durchführung einer Volksbefragung zur sofortigen Aufhebung der ungerechtfertigten Sanktionen gegen Österreich,211/A,https://www.parlament.gv.at/PAKT/VHG/XXI/A/A_00211/index.shtml,XXI,XXI_211A
20.07.2000,RV,"Sicherheitspolizeigesetz, Änderung",81 d.B.,https://www.parlament.gv.at/PAKT/VHG/XXI/I/I_00081/index.shtml,XXI,XXI_81dB
19.07.2000,BUA,"Sozialversicherungs-Ergänzungsgesetz, Änderung",263 d.B.,https://www.parlament.gv.at/PAKT/VHG/XXI/I/I_00263/index.shtml,XXI,XXI_263dB
19.07.2000,BUA,"Umweltförderungsgesetz, Änderung",227 d.B.,https://www.parlament.gv.at/PAKT/VHG/XXI/I/I_00227/index.shtml,XXI,XXI_227dB
19.07.2000,BUA,"Berufsausbildungsgesetz, Jugendausbildungs-Sicherungsgesetz u.a., Änderung",216 d.B.,https://www.parlament.gv.at/PAKT/VHG/XXI/I/I_00216/index.shtml,XXI,XXI_216dB
19.07.2000,RV,"Studienförderungsgesetz, Änderung",184 d.B.,https://www.parlament.gv.at/PAKT/VHG/XXI/I/I_00184/index.shtml,XXI,XXI_184dB
19.07.2000,RV,"Dentistengesetz, Änderung",183 d.B.,https://www.parlament.gv.at/PAKT/VHG/XXI/I/I_00183/index.shtml,XXI,XXI_183dB
19.07.2000,RV,"Krankenanstaltengesetz, Änderung",182 d.B.,https://www.parlament.gv.at/PAKT/VHG/XXI/I/I_00182/index.shtml,XXI,XXI_182dB
19.07.2000,RV,Sozialrechts-Änderungsgesetz 2000 - SRÄG 2000,181 d.B.,https://www.parlament.gv.at/PAKT/VHG/XXI/I/I_00181/index.shtml,XXI,XXI_181dB
19.07.2000,RV,"Unterrichtspraktikumsgesetz, Änderung",180 d.B.,https://www.parlament.gv.at/PAKT/VHG/XXI/I/I_00180/index.shtml,XXI,XXI_180dB
19.07.2000,RV,"Landeslehrer-Dienstrechtsgesetz, Änderung",179 d.B.,https://www.parlament.gv.at/PAKT/VHG/XXI/I/I_00179/index.shtml,XXI,XXI_179dB
19.07.2000,RV,AWG-Novelle Deponien,178 d.B.,https://www.parlament.gv.at/PAKT/VHG/XXI/I/I_00178/index.shtml,XXI,XXI_178dB
19.07.2000,RV,Dienstrechts-Novelle 2000,176 d.B.,https://www.parlament.gv.at/PAKT/VHG/XXI/I/I_00176/index.shtml,XXI,XXI_176dB
19.07.2000,RV,Pensionsreformgesetz 2000,175 d.B.,https://www.parlament.gv.at/PAKT/VHG/XXI/I/I_00175/index.shtml,XXI,XXI_175dB
19.07.2000,RV,"Eurogesetz; Scheidemünzengesetz, Nationalbankgesetz, Änderung",174 d.B.,https://www.parlament.gv.at/PAKT/VHG/XXI/I/I_00174/index.shtml,XXI,XXI_174dB
19.07.2000,RV,"Pensionskassengesetz, Änderung",173 d.B.,https://www.parlament.gv.at/PAKT/VHG/XXI/I/I_00173/index.shtml,XXI,XXI_173dB
19.07.2000,RV,Bekenntnis zu den Volksgruppen als Staatszielbestimmung,127 d.B.,https://www.parlament.gv.at/PAKT/VHG/XXI/I/I_00127/index.shtml,XXI,XXI_127dB
19.07.2000,RV,"Mediengesetz, Änderung",98 d.B.,https://www.parlament.gv.at/PAKT/VHG/XXI/I/I_00098/index.shtml,XXI,XXI_98dB
19.07.2000,RV,Euro-Umstellungsgesetz-Wehrrecht,90 d.B.,https://www.parlament.gv.at/PAKT/VHG/XXI/I/I_00090/index.shtml,XXI,XXI_90dB
19.07.2000,RV,"Militärbefugnisgesetz - MBG; Sperrgebietsgesetz, Änderung",76 d.B.,https://www.parlament.gv.at/PAKT/VHG/XXI/I/I_00076/index.shtml,XXI,XXI_76dB
19.07.2000,RV,"Gaswirtschaftsgesetz; Preisgesetz, Gewerbeordnung u.a., Änderung",66 d.B. und Zu 66 d.B.,https://www.parlament.gv.at/PAKT/VHG/XXI/I/I_00066/index.shtml,XXI,XXI_66dBundZu66dB
19.07.2000,RV,"Bundesgesetz über die veterinärmedizinischen Bundesanstalten, Änderung",6 d.B.,https://www.parlament.gv.at/PAKT/VHG/XXI/I/I_00006/index.shtml,XXI,XXI_6dB
19.07.2000,A,"Katastrophenfondsgesetz, Bundesfinanzgesetz, Änderung",226/A,https://www.parlament.gv.at/PAKT/VHG/XXI/A/A_00226/index.shtml,XXI,XXI_226A
19.07.2000,A,Internationalen Fonds zur Räumung der Schifffahrtsrinne der Donau,216/A,https://www.parlament.gv.at/PAKT/VHG/XXI/A/A_00216/index.shtml,XXI,XXI_216A
19.07.2000,A,"KMU-Förderungsgesetz (Bundesgesetz über besondere Förderungen von kleinen und mittleren Unternehmen), Änderung",203/A,https://www.parlament.gv.at/PAKT/VHG/XXI/A/A_00203/index.shtml,XXI,XXI_203A
19.07.2000,A,"Bezügegesetz, Bundesbezügegesetz, Änderung",188/A,https://www.parlament.gv.at/PAKT/VHG/XXI/A/A_00188/index.shtml,XXI,XXI_188A
19.07.2000,A,"Einkommensteuergesetz, Änderung",187/A,https://www.parlament.gv.at/PAKT/VHG/XXI/A/A_00187/index.shtml,XXI,XXI_187A
19.07.2000,A,"Ausfuhrfinanzierungsförderungsgesetz, Änderung",186/A,https://www.parlament.gv.at/PAKT/VHG/XXI/A/A_00186/index.shtml,XXI,XXI_186A
19.07.2000,A,"Ausfuhrförderungsgesetz, Änderung",185/A,https://www.parlament.gv.at/PAKT/VHG/XXI/A/A_00185/index.shtml,XXI,XXI_185A
19.07.2000,A,"Ärztegesetz, Änderung",182/A,https://www.parlament.gv.at/PAKT/VHG/XXI/A/A_00182/index.shtml,XXI,XXI_182A
19.07.2000,A,"Universitäts-Studiengesetz, Änderung",181/A,https://www.parlament.gv.at/PAKT/VHG/XXI/A/A_00181/index.shtml,XXI,XXI_181A
19.07.2000,A,Versöhnungsfonds-Gesetz,180/A,https://www.parlament.gv.at/PAKT/VHG/XXI/A/A_00180/index.shtml,XXI,XXI_180A
19.07.2000,A,"Prüfung der Umweltverträglichkeit, Bürgerbeteiligung, Änderung",168/A,https://www.parlament.gv.at/PAKT/VHG/XXI/A/A_00168/index.shtml,XXI,XXI_168A
19.07.2000,A,"Gewerbeordnung, Änderung",166/A,https://www.parlament.gv.at/PAKT/VHG/XXI/A/A_00166/index.shtml,XXI,XXI_166A
07.07.2000,A,"Katastrophenfondsgesetz, Bundesfinanzgesetz, Änderung",229/A,https://www.parlament.gv.at/PAKT/VHG/XXI/A/A_00229/index.shtml,XXI,XXI_229A
07.07.2000,A,"Bundes-Verfassungsgesetz, Änderung",164/A,https://www.parlament.gv.at/PAKT/VHG/XXI/A/A_00164/index.shtml,XXI,XXI_164A
07.07.2000,A,"Studienförderungsgesetz 1992, Änderung",80/A,https://www.parlament.gv.at/PAKT/VHG/XXI/A/A_00080/index.shtml,XXI,XXI_80A
07.07.2000,A,"Studienförderungsgesetz 1992, Änderung",72/A,https://www.parlament.gv.at/PAKT/VHG/XXI/A/A_00072/index.shtml,XXI,XXI_72A
07.07.2000,A,"Bundes-Verfassungsgesetz, Änderung",13/A,https://www.parlament.gv.at/PAKT/VHG/XXI/A/A_00013/index.shtml,XXI,XXI_13A
06.07.2000,A,"Jugendausbildungs-Sicherungsgesetz, Insolvenz-Entgeltsicherungsgesetz, Änderung",228/A,https://www.parlament.gv.at/PAKT/VHG/XXI/A/A_00228/index.shtml,XXI,XXI_228A
06.07.2000,A,"Strafgesetzbuch, Waffengesetz, Änderung",220/A,https://www.parlament.gv.at/PAKT/VHG/XXI/A/A_00220/index.shtml,XXI,XXI_220A
06.07.2000,A,"Abfallwirtschaftsgesetz, Änderung",167/A,https://www.parlament.gv.at/PAKT/VHG/XXI/A/A_00167/index.shtml,XXI,XXI_167A
06.07.2000,A,"Jugendausbildungs-Sicherungsgesetz, Insolvenz-Entgeltsicherungsgesetz, Änderung",145/A,https://www.parlament.gv.at/PAKT/VHG/XXI/A/A_00145/index.shtml,XXI,XXI_145A
05.07.2000,RV,"Eigentumsverhältnisse der österreichischen Elektrizitätswirtschaft, Aufhebung",195 d.B.,https://www.parlament.gv.at/PAKT/VHG/XXI/I/I_00195/index.shtml,XXI,XXI_195dB
30.06.2000,A,Grundrecht auf Gesundheit,83/A,https://www.parlament.gv.at/PAKT/VHG/XXI/A/A_00083/index.shtml,XXI,XXI_83A
30.06.2000,A,"Schwarzunternehmerbekämpfungsgesetz; Allgemeines Sozialversicherungsgesetz, Gewerbliches Sozialversicherungsgesetz u.a., Änderung",63/A,https://www.parlament.gv.at/PAKT/VHG/XXI/A/A_00063/index.shtml,XXI,XXI_63A
30.06.2000,A,"Mutterschutzgesetz, Eltern-Karenzurlaubsgesetz u.a., Änderung",62/A,https://www.parlament.gv.at/PAKT/VHG/XXI/A/A_00062/index.shtml,XXI,XXI_62A
21.06.2000,BUA,Forschungsförderungsgesetz-Novelle 2000,164 d.B.,https://www.parlament.gv.at/PAKT/VHG/XXI/I/I_00164/index.shtml,XXI,XXI_164dB
21.06.2000,BUA,"Forschungsorganisationsgesetz, Änderung",163 d.B.,https://www.parlament.gv.at/PAKT/VHG/XXI/I/I_00163/index.shtml,XXI,XXI_163dB
21.06.2000,BUA,"Arbeitszeitgesetz, Bundesgesetz über die Nachtarbeit der Frauen, Änderung",123 d.B.,https://www.parlament.gv.at/PAKT/VHG/XXI/I/I_00123/index.shtml,XXI,XXI_123dB
21.06.2000,BUA,"Allgemeines Sozialversicherungsgesetz, Änderung",117 d.B.,https://www.parlament.gv.at/PAKT/VHG/XXI/I/I_00117/index.shtml,XXI,XXI_117dB
21.06.2000,RV,"Fremdengesetz, Strafgesetzbuch, Änderung",110 d.B.,https://www.parlament.gv.at/PAKT/VHG/XXI/I/I_00110/index.shtml,XXI,XXI_110dB
21.06.2000,RV,Agrarrechtsänderungsgesetz 2000,107 d.B.,https://www.parlament.gv.at/PAKT/VHG/XXI/I/I_00107/index.shtml,XXI,XXI_107dB
21.06.2000,RV,Patentrechts- und Gebührennovelle 2000,106 d.B.,https://www.parlament.gv.at/PAKT/VHG/XXI/I/I_00106/index.shtml,XXI,XXI_106dB
21.06.2000,RV,Kapitalerhöhung der Inter-Amerikanischen Investitionsgesellschaft (IIC),105 d.B.,https://www.parlament.gv.at/PAKT/VHG/XXI/I/I_00105/index.shtml,XXI,XXI_105dB
21.06.2000,RV,Zugangskontrollgesetz - ZuKG,99 d.B.,https://www.parlament.gv.at/PAKT/VHG/XXI/I/I_00099/index.shtml,XXI,XXI_99dB
21.06.2000,RV,"Preisauszeichnungsgesetz, Bundesgesetz gegen den unlauteren Wettbewerb 1984, Änderung",97 d.B.,https://www.parlament.gv.at/PAKT/VHG/XXI/I/I_00097/index.shtml,XXI,XXI_97dB
21.06.2000,RV,"Landarbeitsgesetz, Änderung",94 d.B.,https://www.parlament.gv.at/PAKT/VHG/XXI/I/I_00094/index.shtml,XXI,XXI_94dB
21.06.2000,RV,Exekutionsordnungs-Novelle 2000 - EO-Nov. 2000,93 d.B.,https://www.parlament.gv.at/PAKT/VHG/XXI/I/I_00093/index.shtml,XXI,XXI_93dB
21.06.2000,RV,"Strafgesetzbuch, Strafprozessordnung, Änderung",92 d.B.,https://www.parlament.gv.at/PAKT/VHG/XXI/I/I_00092/index.shtml,XXI,XXI_92dB
21.06.2000,RV,Arbeitsrechtsänderungsgesetz 2000,91 d.B.,https://www.parlament.gv.at/PAKT/VHG/XXI/I/I_00091/index.shtml,XXI,XXI_91dB
21.06.2000,RV,"Handelsgesetzbuch, Änderung",83 d.B.,https://www.parlament.gv.at/PAKT/VHG/XXI/I/I_00083/index.shtml,XXI,XXI_83dB
21.06.2000,RV,"Endbesteuerungsgesetz, Erbschafts- und Schenkungssteuergesetz u.a., Änderung",58 d.B.,https://www.parlament.gv.at/PAKT/VHG/XXI/I/I_00058/index.shtml,XXI,XXI_58dB
21.06.2000,RV,"Bankwesengesetz, Änderung",57 d.B.,https://www.parlament.gv.at/PAKT/VHG/XXI/I/I_00057/index.shtml,XXI,XXI_57dB
21.06.2000,RV,"Biozid-Produkte-Gesetz; Lebensmittelgesetz, Chemikaliengesetz, Änderung",52 d.B.,https://www.parlament.gv.at/PAKT/VHG/XXI/I/I_00052/index.shtml,XXI,XXI_52dB
21.06.2000,RV,"Bundesgesetz über das Verbot des Inverkehrbringens von kosmetischen Mitteln, die im Tierversuch überprüft worden sind",22 d.B.,https://www.parlament.gv.at/PAKT/VHG/XXI/I/I_00022/index.shtml,XXI,XXI_22dB
21.06.2000,A,"Berufsausbildungsgesetz, Jugendausbildungs-Sicherungsgesetz u.a., Änderung",208/A,https://www.parlament.gv.at/PAKT/VHG/XXI/A/A_00208/index.shtml,XXI,XXI_208A
21.06.2000,A,"Arbeiterkammergesetz, Änderung",165/A,https://www.parlament.gv.at/PAKT/VHG/XXI/A/A_00165/index.shtml,XXI,XXI_165A
21.06.2000,A,"Regionalradiogesetz, Änderung",162/A,https://www.parlament.gv.at/PAKT/VHG/XXI/A/A_00162/index.shtml,XXI,XXI_162A
21.06.2000,A,"Ziviltechnikerkammergesetz, Änderung",156/A,https://www.parlament.gv.at/PAKT/VHG/XXI/A/A_00156/index.shtml,XXI,XXI_156A
21.06.2000,A,"Berufsreifeprüfung, Änderung",152/A,https://www.parlament.gv.at/PAKT/VHG/XXI/A/A_00152/index.shtml,XXI,XXI_152A
21.06.2000,A,"Schulunterrichtsgesetz, Änderung",151/A,https://www.parlament.gv.at/PAKT/VHG/XXI/A/A_00151/index.shtml,XXI,XXI_151A
21.06.2000,A,"Bundes-Seniorengesetz, Änderung",138/A,https://www.parlament.gv.at/PAKT/VHG/XXI/A/A_00138/index.shtml,XXI,XXI_138A
21.06.2000,A,"Kabel- und Satelliten-Rundfunkgesetz, Rundfunkgesetz, Änderung",137/A,https://www.parlament.gv.at/PAKT/VHG/XXI/A/A_00137/index.shtml,XXI,XXI_137A
21.06.2000,A,Anwendung von Normen von Fernsehsignalen (FS-G),136/A,https://www.parlament.gv.at/PAKT/VHG/XXI/A/A_00136/index.shtml,XXI,XXI_136A
21.06.2000,A,Preisbindung bei Büchern,126/A,https://www.parlament.gv.at/PAKT/VHG/XXI/A/A_00126/index.shtml,XXI,XXI_126A
21.06.2000,A,Sozialversicherungs-Änderungsgesetz 2000,123/A,https://www.parlament.gv.at/PAKT/VHG/XXI/A/A_00123/index.shtml,XXI,XXI_123A
21.06.2000,A,"Universitäts-Akkreditierungsgesetz, Änderung",107/A,https://www.parlament.gv.at/PAKT/VHG/XXI/A/A_00107/index.shtml,XXI,XXI_107A
09.06.2000,A,Sozialversicherungs-Änderungsgesetz 2000,131/A,https://www.parlament.gv.at/PAKT/VHG/XXI/A/A_00131/index.shtml,XXI,XXI_131A
07.06.2000,A,Arbeitsrechtsänderungsgesetz 2000,130/A,https://www.parlament.gv.at/PAKT/VHG/XXI/A/A_00130/index.shtml,XXI,XXI_130A
07.06.2000,A,"Allgemeines Sozialversicherungsgesetz, Änderung",117/A,https://www.parlament.gv.at/PAKT/VHG/XXI/A/A_00117/index.shtml,XXI,XXI_117A
07.06.2000,A,"Arbeitsverhältnisgesetz; Gewerbeordnung, Angestelltengesetz u.a., Änderung",19/A,https://www.parlament.gv.at/PAKT/VHG/XXI/A/A_00019/index.shtml,XXI,XXI_19A
06.06.2000,A,"Steueramnestie aus Anlass der Abschaffung der anonymen Sparbücher; Erbschafts- und Schenkungssteuergesetz 1955, Änderung",175/A,https://www.parlament.gv.at/PAKT/VHG/XXI/A/A_00175/index.shtml,XXI,XXI_175A
06.06.2000,A,"Regionalradiogesetz, Änderung",146/A,https://www.parlament.gv.at/PAKT/VHG/XXI/A/A_00146/index.shtml,XXI,XXI_146A
06.06.2000,A,"Konsumentenschutzgesetz, Änderung",91/A,https://www.parlament.gv.at/PAKT/VHG/XXI/A/A_00091/index.shtml,XXI,XXI_91A
06.06.2000,A,"Mietrechtsgesetz, Änderung",90/A,https://www.parlament.gv.at/PAKT/VHG/XXI/A/A_00090/index.shtml,XXI,XXI_90A
06.06.2000,A,"Konsumentenschutzgesetz, Änderung",70/A,https://www.parlament.gv.at/PAKT/VHG/XXI/A/A_00070/index.shtml,XXI,XXI_70A
06.06.2000,A,"Mietrechtsgesetz, Änderung",66/A,https://www.parlament.gv.at/PAKT/VHG/XXI/A/A_00066/index.shtml,XXI,XXI_66A
06.06.2000,A,"Mietrechtsgesetz, Änderung",65/A,https://www.parlament.gv.at/PAKT/VHG/XXI/A/A_00065/index.shtml,XXI,XXI_65A
06.06.2000,A,"Fremdengesetz, Änderung",12/A,https://www.parlament.gv.at/PAKT/VHG/XXI/A/A_00012/index.shtml,XXI,XXI_12A
06.06.2000,A,"Strafgesetzbuch, Zivilprozessordnung u.a., Änderung",9/A,https://www.parlament.gv.at/PAKT/VHG/XXI/A/A_00009/index.shtml,XXI,XXI_9A
06.06.2000,A,"Asylgesetz, Änderung",8/A,https://www.parlament.gv.at/PAKT/VHG/XXI/A/A_00008/index.shtml,XXI,XXI_8A
06.06.2000,A,"Fremdengesetz, Änderung",7/A,https://www.parlament.gv.at/PAKT/VHG/XXI/A/A_00007/index.shtml,XXI,XXI_7A
26.05.2000,BUA,"Finanzausgleichsgesetz 1997, Änderung",102 d.B.,https://www.parlament.gv.at/PAKT/VHG/XXI/I/I_00102/index.shtml,XXI,XXI_102dB
26.05.2000,RV,"Einkommensteuergesetz 1988, Umsatzsteuergesetz 1994 u.a., Änderung; Werbeabgabe",87 d.B.,https://www.parlament.gv.at/PAKT/VHG/XXI/I/I_00087/index.shtml,XXI,XXI_87dB
26.05.2000,RV,Bundesfinanzgesetz 2000 - BFG 2000,60 d.B. und Zu 60 d.B.,https://www.parlament.gv.at/PAKT/VHG/XXI/I/I_00060/index.shtml,XXI,XXI_60dBundZu60dB
24.05.2000,BUA,Anwendung von Normen von Fernsehsignalen,135 d.B.,https://www.parlament.gv.at/PAKT/VHG/XXI/I/I_00135/index.shtml,XXI,XXI_135dB
24.05.2000,A,Behinderten-Gleichstellungsgesetz,31/A,https://www.parlament.gv.at/PAKT/VHG/XXI/A/A_00031/index.shtml,XXI,XXI_31A
16.05.2000,A,"Bundesfinanzierungsgesetz, Änderung",158/A,https://www.parlament.gv.at/PAKT/VHG/XXI/A/A_00158/index.shtml,XXI,XXI_158A
09.05.2000,BUA,"Zivildienstgesetz, Änderung",69 d.B. und Zu 69 d.B.,https://www.parlament.gv.at/PAKT/VHG/XXI/I/I_00069/index.shtml,XXI,XXI_69dBundZu69dB
09.05.2000,RV,Budgetbegleitgesetz 2000,61 d.B.,https://www.parlament.gv.at/PAKT/VHG/XXI/I/I_00061/index.shtml,XXI,XXI_61dB
09.05.2000,RV,"Bundesgesetz über den freien Dienstleistungsverkehr und die Niederlassung von europäischen Rechtsanwälten in Österreich (EuRAG); Rechtsanwaltsordnung, Änderung",59 d.B.,https://www.parlament.gv.at/PAKT/VHG/XXI/I/I_00059/index.shtml,XXI,XXI_59dB
27.04.2000,BUA,"Bundesfinanzierungsgesetz, Änderung",68 d.B.,https://www.parlament.gv.at/PAKT/VHG/XXI/I/I_00068/index.shtml,XXI,XXI_68dB
22.03.2000,A,"Wählerevidenzgesetz, Bundes-Verfassungsgesetz u.a., Änderung (zurückgezogen)",118/A und Zu 118/A,https://www.parlament.gv.at/PAKT/VHG/XXI/A/A_00118/index.shtml,XXI,XXI_118AundZu118A
16.03.2000,BUA,"Bundeshaushaltsgesetz, Änderung",43 d.B.,https://www.parlament.gv.at/PAKT/VHG/XXI/I/I_00043/index.shtml,XXI,XXI_43dB
16.03.2000,RV,Gesetzliches Budgetprovisorium 2000,40 d.B.,https://www.parlament.gv.at/PAKT/VHG/XXI/I/I_00040/index.shtml,XXI,XXI_40dB
16.03.2000,A,Bundesministeriengesetz-Novelle 2000,85/A,https://www.parlament.gv.at/PAKT/VHG/XXI/A/A_00085/index.shtml,XXI,XXI_85A
01.03.2000,A,Gesetzliches Budgetprovisorium 2000,64/A,https://www.parlament.gv.at/PAKT/VHG/XXI/A/A_00064/index.shtml,XXI,XXI_64A
03.02.2000,BRA,Bundesrechnungsabschluss für das Jahr 1998,III-1 d.B.,https://www.parlament.gv.at/PAKT/VHG/XXI/III/III_00001/index.shtml,XXI,XXI_III1dB
03.02.2000,RV,"Arbeitsverfassungsgesetz, Änderung",14 d.B.,https://www.parlament.gv.at/PAKT/VHG/XXI/I/I_00014/index.shtml,XXI,XXI_14dB
03.02.2000,A,"Arbeitslosenversicherungsgesetz, Arbeitsmarktservicegesetz, Änderung",52/A,https://www.parlament.gv.at/PAKT/VHG/XXI/A/A_00052/index.shtml,XXI,XXI_52A
26.01.2000,GABR,Richterdienstgesetz,13 d.B.,https://www.parlament.gv.at/PAKT/VHG/XXI/I/I_00013/index.shtml,XXI,XXI_13dB
21.12.1999,BUA,"Pensionskassenvorsorgegesetz, Änderung",12 d.B.,https://www.parlament.gv.at/PAKT/VHG/XXI/I/I_00012/index.shtml,XXI,XXI_12dB
21.12.1999,RV,Sozialrechts-Änderungsgesetz 1999 - SRÄG 1999,4 d.B. und Zu 4 d.B.,https://www.parlament.gv.at/PAKT/VHG/XXI/I/I_00004/index.shtml,XXI,XXI_4dBundZu4dB
21.12.1999,RV,"Straßenbenützungsabgabegesetz, Änderung",3 d.B.,https://www.parlament.gv.at/PAKT/VHG/XXI/I/I_00003/index.shtml,XXI,XXI_3dB
21.12.1999,RV,Besoldungs-Novelle 2000,2 d.B. und Zu 2 d.B. [1 u. 2],https://www.parlament.gv.at/PAKT/VHG/XXI/I/I_00002/index.shtml,XXI,XXI_2dBundZu2dB1u2
21.12.1999,A,Sozialversicherungs-Änderungsgesetz 1999,41/A,https://www.parlament.gv.at/PAKT/VHG/XXI/A/A_00041/index.shtml,XXI,XXI_41A
21.12.1999,A,"Bundesverfassungsgesetz über die Begrenzung von Bezügen öffentlicher Funktionäre, Änderung",17/A,https://www.parlament.gv.at/PAKT/VHG/XXI/A/A_00017/index.shtml,XXI,XXI_17A
15.12.1999,GABR,"Bundes-Verfassungsgesetz, Änderung",5 d.B.,https://www.parlament.gv.at/PAKT/VHG/XXI/I/I_00005/index.shtml,XXI,XXI_5dB
15.12.1999,A,"Bundes-Verfassungsgesetz, Geschäftsordnungsgesetz, Änderung (zurückgezogen)",42/A und Zu 42/A,https://www.parlament.gv.at/PAKT/VHG/XXI/A/A_00042/index.shtml,XXI,XXI_42AundZu42A
15.12.1999,A,"Bundesverfassungsgesetz über die Begrenzung von Bezügen öffentlicher Funktionäre, Änderung",1/A,https://www.parlament.gv.at/PAKT/VHG/XXI/A/A_00001/index.shtml,XXI,XXI_1A
10.12.1999,A,"Bundespflegegeldgesetz, Änderung",36/A,https://www.parlament.gv.at/PAKT/VHG/XXI/A/A_00036/index.shtml,XXI,XXI_36A
18.11.1999,A,Bundesjugendförderungsgesetz,40/A,https://www.parlament.gv.at/PAKT/VHG/XXI/A/A_00040/index.shtml,XXI,XXI_40A
18.11.1999,A,"Insolvenz-Entgeltsicherungsgesetz, Allgemeines Sozialversicherungsgesetz u.a., Änderung",37/A,https://www.parlament.gv.at/PAKT/VHG/XXI/A/A_00037/index.shtml,XXI,XXI_37A
18.11.1999,A,"Einkommensteuergesetz, Änderung",22/A,https://www.parlament.gv.at/PAKT/VHG/XXI/A/A_00022/index.shtml,XXI,XXI_22A
